{
    "pools":[
    {
        "rolls":1,
        "entries":
        [
            {
                "type":"item",
                "name":"minecraft:creeper_spawn_egg"
            }
        ],
        "functions":[
            {
                "function": "minecraft:set_nbt",
                "tag": "{CustomModelData:3,EntityTag:{Fuse:0}}"
            },
            {
                "function":"minecraft:set_name",
                "name":{"text":"Creative Crate","color":"light_purple","italic":false}
            }

        ]
    }
    ]
}