{
	"parent": "builtin/entity",
	"display": {
		"thirdperson_righthand": {
			"translation": [0, 7, -7.5],
			"scale": [1.2, 1.2, 1.2]
		},
		"firstperson_righthand": {
			"translation": [-5.0, 8.5, 0],
			"scale": [0.8, 0.8, 0.8]
		},
		"ground": {
			"translation": [0, 5, -3.25]
		},
		"gui": {
			"rotation": [30, 225, 0],
			"translation": [1.25, 2.5, 0],
			"scale": [0.7, 0.7, 0.7]
		},
		"head": {
			"rotation": [0, 180, 0]
		},
		"fixed": {
			"rotation": [0, 90, 0],
			"translation": [-9.25, 11.5, -2],
			"scale": [2, 2, 2]
		}
	}
}