{
	"credit": "Made with Blockbench by ThatAvocado_Boi",
	"texture_size": [32, 32],
	"textures": {
		"1": "cgm:item/long_texture",
		"2": "cgm:effect/long_scope_reticle",
		"particle": "scorchedguns:item/rustic_scope_texture"
	},
	"elements": [
		{
			"from": [8.675, 8.45, 6.18874],
			"to": [9.025, 10.375, 9.31937],
			"rotation": {"angle": 0, "axis": "y", "origin": [8, 8, 7.94437]},
			"faces": {
				"north": {"uv": [13, 11, 13.25, 12], "texture": "#1", "tintindex": 0},
				"east": {"uv": [8, 10, 9.5, 11], "texture": "#1", "tintindex": 0},
				"south": {"uv": [11.5, 13, 11.75, 14], "texture": "#1", "tintindex": 0},
				"west": {"uv": [10, 8, 11.5, 9], "texture": "#1", "tintindex": 0},
				"up": {"uv": [10.25, 14, 10, 12.5], "texture": "#1", "tintindex": 0},
				"down": {"uv": [10.75, 12.5, 10.5, 14], "texture": "#1", "tintindex": 0}
			}
		},
		{
			"from": [6.975, 8.45, 6.18874],
			"to": [7.325, 10.375, 9.31937],
			"rotation": {"angle": 0, "axis": "y", "origin": [8, 8, 7.94437]},
			"faces": {
				"north": {"uv": [12, 13, 12.25, 14], "texture": "#1", "tintindex": 0},
				"east": {"uv": [10, 9, 11.5, 10], "texture": "#1", "tintindex": 0},
				"south": {"uv": [13, 12, 13.25, 13], "texture": "#1", "tintindex": 0},
				"west": {"uv": [9.5, 10, 11, 11], "texture": "#1", "tintindex": 0},
				"up": {"uv": [11.25, 14, 11, 12.5], "texture": "#1", "tintindex": 0},
				"down": {"uv": [12.75, 11, 12.5, 12.5], "texture": "#1", "tintindex": 0}
			}
		},
		{
			"from": [7.325, 10.075, 6.18874],
			"to": [8.675, 10.375, 9.31937],
			"rotation": {"angle": 0, "axis": "y", "origin": [8, 8, 7.94437]},
			"faces": {
				"north": {"uv": [14, 8, 14.75, 8.25], "texture": "#1", "tintindex": 0},
				"east": {"uv": [12, 2.5, 13.5, 2.75], "texture": "#1", "tintindex": 0},
				"south": {"uv": [14, 9, 14.75, 9.25], "texture": "#1", "tintindex": 0},
				"west": {"uv": [12.5, 9, 14, 9.25], "texture": "#1", "tintindex": 0},
				"up": {"uv": [0.75, 12, 0, 10.5], "texture": "#1", "tintindex": 0},
				"down": {"uv": [1.75, 10.5, 1, 12], "texture": "#1", "tintindex": 0}
			}
		},
		{
			"from": [7.825, 10.375, 8.16374],
			"to": [8.175, 10.875, 9.06937],
			"rotation": {"angle": 0, "axis": "y", "origin": [8, 8, 7.94437]},
			"faces": {
				"north": {"uv": [15, 0, 15.25, 0.25], "texture": "#1", "tintindex": 0},
				"east": {"uv": [11, 7.5, 11.5, 7.75], "texture": "#1", "tintindex": 0},
				"south": {"uv": [0.5, 15, 0.75, 15.25], "texture": "#1", "tintindex": 0},
				"west": {"uv": [10.5, 11, 11, 11.25], "texture": "#1", "tintindex": 0},
				"up": {"uv": [12.25, 6.5, 12, 6], "texture": "#1", "tintindex": 0},
				"down": {"uv": [12.25, 11, 12, 11.5], "texture": "#1", "tintindex": 0}
			}
		},
		{
			"from": [7.65, 10.75, 8.03874],
			"to": [8.35, 10.95, 9.19437],
			"rotation": {"angle": 0, "axis": "y", "origin": [8, 8, 7.94437]},
			"faces": {
				"north": {"uv": [15, 0.5, 15.25, 0.75], "texture": "#1", "tintindex": 0},
				"east": {"uv": [14.5, 10, 15, 10.25], "texture": "#1", "tintindex": 0},
				"south": {"uv": [1, 15, 1.25, 15.25], "texture": "#1", "tintindex": 0},
				"west": {"uv": [10.5, 14.5, 11, 14.75], "texture": "#1", "tintindex": 0},
				"up": {"uv": [14.75, 11, 14.5, 10.5], "texture": "#1", "tintindex": 0},
				"down": {"uv": [11.25, 14.5, 11, 15], "texture": "#1", "tintindex": 0}
			}
		},
		{
			"from": [7.325, 8.45, 6.18874],
			"to": [8.675, 8.75, 9.31937],
			"rotation": {"angle": 0, "axis": "y", "origin": [8, 8, 7.94437]},
			"faces": {
				"north": {"uv": [10, 14, 10.75, 14.25], "texture": "#1", "tintindex": 0},
				"east": {"uv": [11.5, 12.5, 13, 12.75], "texture": "#1", "tintindex": 0},
				"south": {"uv": [11, 14, 11.75, 14.25], "texture": "#1", "tintindex": 0},
				"west": {"uv": [13, 1, 14.5, 1.25], "texture": "#1", "tintindex": 0},
				"up": {"uv": [2.75, 12.5, 2, 11], "texture": "#1", "tintindex": 0},
				"down": {"uv": [3.75, 11, 3, 12.5], "texture": "#1", "tintindex": 0}
			}
		},
		{
			"from": [7.325, 8.25, 7.01374],
			"to": [8.675, 8.55, 10.14437],
			"rotation": {"angle": 0, "axis": "y", "origin": [8, 8, 7.94437]},
			"faces": {
				"north": {"uv": [0, 2, 0.75, 2.25], "texture": "#1", "tintindex": 0},
				"east": {"uv": [0, 1.5, 1.5, 1.75], "texture": "#1", "tintindex": 0},
				"south": {"uv": [2, 0, 2.75, 0.25], "texture": "#1", "tintindex": 0},
				"west": {"uv": [1.5, 1.5, 3, 1.75], "texture": "#1", "tintindex": 0},
				"up": {"uv": [0.75, 1.5, 0, 0], "texture": "#1", "tintindex": 0},
				"down": {"uv": [1.75, 0, 1, 1.5], "texture": "#1", "tintindex": 0}
			}
		},
		{
			"from": [7.35875, 8.5, 9.32305],
			"to": [8.64125, 8.785, 11.2284],
			"rotation": {"angle": 0, "axis": "y", "origin": [8, 7.6, 7.94715]},
			"faces": {
				"north": {"uv": [9.5, 14.5, 10.25, 14.75], "texture": "#1", "tintindex": 0},
				"east": {"uv": [14, 6.5, 15, 6.75], "texture": "#1", "tintindex": 0},
				"south": {"uv": [14.5, 9.5, 15.25, 9.75], "texture": "#1", "tintindex": 0},
				"west": {"uv": [14, 7.5, 15, 7.75], "texture": "#1", "tintindex": 0},
				"up": {"uv": [3.75, 13.5, 3, 12.5], "texture": "#1", "tintindex": 0},
				"down": {"uv": [4.75, 12.5, 4, 13.5], "texture": "#1", "tintindex": 0}
			}
		},
		{
			"from": [7.02625, 8.5, 9.32305],
			"to": [7.35875, 10.32875, 11.2284],
			"rotation": {"angle": 0, "axis": "y", "origin": [8, 7.6, 7.94715]},
			"faces": {
				"north": {"uv": [14, 3.5, 14.25, 4.5], "texture": "#1", "tintindex": 0},
				"east": {"uv": [10.5, 11.5, 11.5, 12.5], "texture": "#1", "tintindex": 0},
				"south": {"uv": [14, 4.5, 14.25, 5.5], "texture": "#1", "tintindex": 0},
				"west": {"uv": [11.5, 11.5, 12.5, 12.5], "texture": "#1", "tintindex": 0},
				"up": {"uv": [14.25, 6.5, 14, 5.5], "texture": "#1", "tintindex": 0},
				"down": {"uv": [6.25, 14, 6, 15], "texture": "#1", "tintindex": 0}
			}
		},
		{
			"from": [7.35875, 10.04375, 9.32305],
			"to": [8.64125, 10.32875, 11.2284],
			"rotation": {"angle": 0, "axis": "y", "origin": [8, 7.6, 7.94715]},
			"faces": {
				"north": {"uv": [8.5, 14.5, 9.25, 14.75], "texture": "#1", "tintindex": 0},
				"east": {"uv": [14, 1.5, 15, 1.75], "texture": "#1", "tintindex": 0},
				"south": {"uv": [14.5, 8.5, 15.25, 8.75], "texture": "#1", "tintindex": 0},
				"west": {"uv": [14, 3, 15, 3.25], "texture": "#1", "tintindex": 0},
				"up": {"uv": [12.75, 11, 12, 10], "texture": "#1", "tintindex": 0},
				"down": {"uv": [2.75, 12.5, 2, 13.5], "texture": "#1", "tintindex": 0}
			}
		},
		{
			"from": [8.64125, 8.5, 9.32305],
			"to": [8.97375, 10.32875, 11.2284],
			"rotation": {"angle": 0, "axis": "y", "origin": [8, 7.6, 7.94715]},
			"faces": {
				"north": {"uv": [9.5, 13.5, 9.75, 14.5], "texture": "#1", "tintindex": 0},
				"east": {"uv": [11.5, 7.5, 12.5, 8.5], "texture": "#1", "tintindex": 0},
				"south": {"uv": [13.5, 11, 13.75, 12], "texture": "#1", "tintindex": 0},
				"west": {"uv": [11.5, 8.5, 12.5, 9.5], "texture": "#1", "tintindex": 0},
				"up": {"uv": [13.75, 13, 13.5, 12], "texture": "#1", "tintindex": 0},
				"down": {"uv": [13.75, 13, 13.5, 14], "texture": "#1", "tintindex": 0}
			}
		},
		{
			"from": [6.90325, 8.395, 4.6372],
			"to": [7.27775, 10.45475, 5.87373],
			"rotation": {"angle": 0, "axis": "y", "origin": [8, 8.56, 7.94048]},
			"faces": {
				"north": {"uv": [12.5, 13, 12.75, 14], "texture": "#1", "tintindex": 0},
				"east": {"uv": [9, 12, 9.5, 13], "texture": "#1", "tintindex": 0},
				"south": {"uv": [13, 13, 13.25, 14], "texture": "#1", "tintindex": 0},
				"west": {"uv": [12.5, 7, 13, 8], "texture": "#1", "tintindex": 0},
				"up": {"uv": [11.75, 15, 11.5, 14.5], "texture": "#1", "tintindex": 0},
				"down": {"uv": [12.25, 14.5, 12, 15], "texture": "#1", "tintindex": 0}
			}
		},
		{
			"from": [7.27775, 10.13375, 4.6372],
			"to": [8.72225, 10.45475, 5.87373],
			"rotation": {"angle": 0, "axis": "y", "origin": [8, 8.56, 7.94048]},
			"faces": {
				"north": {"uv": [14, 11, 14.75, 11.25], "texture": "#1", "tintindex": 0},
				"east": {"uv": [12.5, 14.5, 13, 14.75], "texture": "#1", "tintindex": 0},
				"south": {"uv": [14, 11.5, 14.75, 11.75], "texture": "#1", "tintindex": 0},
				"west": {"uv": [13, 14.5, 13.5, 14.75], "texture": "#1", "tintindex": 0},
				"up": {"uv": [13.75, 2, 13, 1.5], "texture": "#1", "tintindex": 0},
				"down": {"uv": [13.75, 3, 13, 3.5], "texture": "#1", "tintindex": 0}
			}
		},
		{
			"from": [6.975, 8.45, 11.51374],
			"to": [7.325, 10.375, 11.89437],
			"rotation": {"angle": 0, "axis": "y", "origin": [8, 8, 7.94437]},
			"faces": {
				"north": {"uv": [2, 13.5, 2.25, 14.5], "texture": "#1", "tintindex": 0},
				"east": {"uv": [2.5, 13.5, 2.75, 14.5], "texture": "#1", "tintindex": 0},
				"south": {"uv": [3, 13.5, 3.25, 14.5], "texture": "#1", "tintindex": 0},
				"west": {"uv": [3.5, 13.5, 3.75, 14.5], "texture": "#1", "tintindex": 0},
				"up": {"uv": [1.75, 15.25, 1.5, 15], "texture": "#1", "tintindex": 0},
				"down": {"uv": [15.25, 1.5, 15, 1.75], "texture": "#1", "tintindex": 0}
			}
		},
		{
			"from": [8.675, 8.45, 11.51374],
			"to": [9.025, 10.375, 11.89437],
			"rotation": {"angle": 0, "axis": "y", "origin": [8, 8, 7.94437]},
			"faces": {
				"north": {"uv": [4, 13.5, 4.25, 14.5], "texture": "#1", "tintindex": 0},
				"east": {"uv": [4.5, 13.5, 4.75, 14.5], "texture": "#1", "tintindex": 0},
				"south": {"uv": [5, 13.5, 5.25, 14.5], "texture": "#1", "tintindex": 0},
				"west": {"uv": [13.5, 5, 13.75, 6], "texture": "#1", "tintindex": 0},
				"up": {"uv": [2.25, 15.25, 2, 15], "texture": "#1", "tintindex": 0},
				"down": {"uv": [15.25, 2, 15, 2.25], "texture": "#1", "tintindex": 0}
			}
		},
		{
			"from": [7.325, 8.45, 11.51374],
			"to": [8.675, 8.75, 11.89437],
			"rotation": {"angle": 0, "axis": "y", "origin": [8, 8, 7.94437]},
			"faces": {
				"north": {"uv": [12, 14, 12.75, 14.25], "texture": "#1", "tintindex": 0},
				"east": {"uv": [2.5, 15, 2.75, 15.25], "texture": "#1", "tintindex": 0},
				"south": {"uv": [14, 12, 14.75, 12.25], "texture": "#1", "tintindex": 0},
				"west": {"uv": [3, 15, 3.25, 15.25], "texture": "#1", "tintindex": 0},
				"up": {"uv": [14.75, 12.75, 14, 12.5], "texture": "#1", "tintindex": 0},
				"down": {"uv": [13.75, 14, 13, 14.25], "texture": "#1", "tintindex": 0}
			}
		},
		{
			"from": [7.325, 10.075, 11.51374],
			"to": [8.675, 10.375, 11.89437],
			"rotation": {"angle": 0, "axis": "y", "origin": [8, 8, 7.94437]},
			"faces": {
				"north": {"uv": [14, 13, 14.75, 13.25], "texture": "#1", "tintindex": 0},
				"east": {"uv": [15, 3, 15.25, 3.25], "texture": "#1", "tintindex": 0},
				"south": {"uv": [14, 13.5, 14.75, 13.75], "texture": "#1", "tintindex": 0},
				"west": {"uv": [3.5, 15, 3.75, 15.25], "texture": "#1", "tintindex": 0},
				"up": {"uv": [14.75, 14.25, 14, 14], "texture": "#1", "tintindex": 0},
				"down": {"uv": [15.25, 1, 14.5, 1.25], "texture": "#1", "tintindex": 0}
			}
		},
		{
			"from": [8.72225, 8.395, 4.6372],
			"to": [9.09675, 10.45475, 5.87373],
			"rotation": {"angle": 0, "axis": "y", "origin": [8, 8.56, 7.94048]},
			"faces": {
				"north": {"uv": [5.5, 13.5, 5.75, 14.5], "texture": "#1", "tintindex": 0},
				"east": {"uv": [12.5, 8, 13, 9], "texture": "#1", "tintindex": 0},
				"south": {"uv": [13.5, 6, 13.75, 7], "texture": "#1", "tintindex": 0},
				"west": {"uv": [9.5, 12.5, 10, 13.5], "texture": "#1", "tintindex": 0},
				"up": {"uv": [13.75, 15, 13.5, 14.5], "texture": "#1", "tintindex": 0},
				"down": {"uv": [14.25, 14.5, 14, 15], "texture": "#1", "tintindex": 0}
			}
		},
		{
			"from": [7.27775, 8.395, 4.6372],
			"to": [8.72225, 8.716, 5.87373],
			"rotation": {"angle": 0, "axis": "y", "origin": [8, 8.56, 7.94048]},
			"faces": {
				"north": {"uv": [2, 14.5, 2.75, 14.75], "texture": "#1", "tintindex": 0},
				"east": {"uv": [14.5, 14.5, 15, 14.75], "texture": "#1", "tintindex": 0},
				"south": {"uv": [14.5, 2.5, 15.25, 2.75], "texture": "#1", "tintindex": 0},
				"west": {"uv": [0, 15, 0.5, 15.25], "texture": "#1", "tintindex": 0},
				"up": {"uv": [13.75, 4, 13, 3.5], "texture": "#1", "tintindex": 0},
				"down": {"uv": [13.75, 4, 13, 4.5], "texture": "#1", "tintindex": 0}
			}
		},
		{
			"from": [7.05, 8.525, 5.88874],
			"to": [7.25, 10.3, 11.66937],
			"rotation": {"angle": 0, "axis": "y", "origin": [8, 8, 7.94437]},
			"faces": {
				"north": {"uv": [6.5, 13.5, 6.75, 14.5], "texture": "#1", "tintindex": 0},
				"east": {"uv": [10, 1, 13, 2], "texture": "#1", "tintindex": 0},
				"south": {"uv": [7, 13.5, 7.25, 14.5], "texture": "#1", "tintindex": 0},
				"west": {"uv": [2, 10, 5, 11], "texture": "#1", "tintindex": 0},
				"up": {"uv": [0.25, 15, 0, 12], "texture": "#1", "tintindex": 0},
				"down": {"uv": [0.75, 12, 0.5, 15], "texture": "#1", "tintindex": 0}
			}
		},
		{
			"from": [7.25, 8.525, 5.88874],
			"to": [8.75, 8.675, 11.66937],
			"rotation": {"angle": 0, "axis": "y", "origin": [8, 8, 7.94437]},
			"faces": {
				"north": {"uv": [3, 14.5, 3.75, 14.75], "texture": "#1", "tintindex": 0},
				"east": {"uv": [11.5, 9.5, 14.5, 9.75], "texture": "#1", "tintindex": 0},
				"south": {"uv": [14.5, 3.5, 15.25, 3.75], "texture": "#1", "tintindex": 0},
				"west": {"uv": [12, 0, 15, 0.25], "texture": "#1", "tintindex": 0},
				"up": {"uv": [5.75, 13, 5, 10], "texture": "#1", "tintindex": 0},
				"down": {"uv": [10.75, 5, 10, 8], "texture": "#1", "tintindex": 0}
			}
		},
		{
			"from": [8.75, 8.525, 5.88874],
			"to": [8.95, 10.3, 11.66937],
			"rotation": {"angle": 0, "axis": "y", "origin": [8, 8, 7.94437]},
			"faces": {
				"north": {"uv": [7.5, 13.5, 7.75, 14.5], "texture": "#1", "tintindex": 0},
				"east": {"uv": [10, 3, 13, 4], "texture": "#1", "tintindex": 0},
				"south": {"uv": [13.5, 7.5, 13.75, 8.5], "texture": "#1", "tintindex": 0},
				"west": {"uv": [10, 4, 13, 5], "texture": "#1", "tintindex": 0},
				"up": {"uv": [1.25, 15, 1, 12], "texture": "#1", "tintindex": 0},
				"down": {"uv": [1.75, 12, 1.5, 15], "texture": "#1", "tintindex": 0}
			}
		},
		{
			"from": [7.25, 10.15, 5.88874],
			"to": [8.75, 10.3, 11.66937],
			"rotation": {"angle": 0, "axis": "y", "origin": [8, 8, 7.94437]},
			"faces": {
				"north": {"uv": [4, 14.5, 4.75, 14.75], "texture": "#1", "tintindex": 0},
				"east": {"uv": [12, 0.5, 15, 0.75], "texture": "#1", "tintindex": 0},
				"south": {"uv": [14.5, 4, 15.25, 4.25], "texture": "#1", "tintindex": 0},
				"west": {"uv": [12, 2, 15, 2.25], "texture": "#1", "tintindex": 0},
				"up": {"uv": [6.75, 13, 6, 10], "texture": "#1", "tintindex": 0},
				"down": {"uv": [7.75, 10, 7, 13], "texture": "#1", "tintindex": 0}
			}
		},
		{
			"from": [7.275, 8.725, 9.45],
			"to": [8.725, 10.075, 9.45],
			"faces": {
				"south": {"uv": [0, 0, 16, 16], "texture": "#2", "tintindex": 2}
			}
		},
		{
			"from": [7.25, 7.575, 7.525],
			"to": [8.75, 8.075, 9.525],
			"rotation": {"angle": 0, "axis": "y", "origin": [8, 8.125, 5.85]},
			"faces": {
				"north": {"uv": [14.5, 4.5, 15.25, 4.75], "texture": "#1"},
				"east": {"uv": [13.5, 2.5, 14.5, 2.75], "texture": "#1"},
				"south": {"uv": [5, 14.5, 5.75, 14.75], "texture": "#1"},
				"west": {"uv": [13.5, 8.5, 14.5, 8.75], "texture": "#1"},
				"up": {"uv": [12.75, 6, 12, 5], "texture": "#1"},
				"down": {"uv": [8.75, 12, 8, 13], "texture": "#1"}
			}
		},
		{
			"from": [7.5, 7.65, 7.775],
			"to": [8.5, 8.475, 9.275],
			"rotation": {"angle": 0, "axis": "y", "origin": [8, 8.125, 5.85]},
			"faces": {
				"north": {"uv": [1, 10, 1.5, 10.5], "texture": "#1"},
				"east": {"uv": [13, 4.5, 13.75, 5], "texture": "#1"},
				"south": {"uv": [10, 2, 10.5, 2.5], "texture": "#1"},
				"west": {"uv": [5, 13, 5.75, 13.5], "texture": "#1"},
				"up": {"uv": [13.5, 5.75, 13, 5], "texture": "#1"},
				"down": {"uv": [6.5, 13, 6, 13.75], "texture": "#1"}
			}
		}
	],
	"display": {
		"firstperson_righthand": {
			"translation": [0, 2, 2],
			"scale": [1.5, 1.5, 1.5]
		},
		"firstperson_lefthand": {
			"translation": [0, 2, 2],
			"scale": [1.5, 1.5, 1.5]
		},
		"ground": {
			"translation": [0, -3, -2],
			"scale": [1.36, 1.36, 1.36]
		},
		"gui": {
			"rotation": [30, 225, 0],
			"translation": [1.5, -3.5, 0],
			"scale": [1.86, 1.86, 1.86]
		},
		"fixed": {
			"rotation": [-180, 88.75, -180],
			"translation": [-1.25, -3.5, -2],
			"scale": [2.17, 2.17, 2.17]
		}
	}
}