{
	"credit": "Made with Blockbench by ThatAvocado_Boi",
	"texture_size": [32, 32],
	"textures": {
		"1": "cgm:item/medium_texture",
		"particle": "scorchedguns:item/rustic_scope_texture"
	},
	"elements": [
		{
			"from": [8.675, 8.65, 6.98874],
			"to": [9.025, 10.575, 10.14437],
			"rotation": {"angle": 0, "axis": "y", "origin": [8, 8, 7.94437]},
			"faces": {
				"north": {"uv": [0.5, 7.5, 0.75, 8.5], "texture": "#1", "tintindex": 0},
				"east": {"uv": [2, 1, 3.5, 2], "texture": "#1", "tintindex": 0},
				"south": {"uv": [1.5, 7.5, 1.75, 8.5], "texture": "#1", "tintindex": 0},
				"west": {"uv": [2, 2, 3.5, 3], "texture": "#1", "tintindex": 0},
				"up": {"uv": [3.75, 8, 3.5, 6.5], "texture": "#1", "tintindex": 0},
				"down": {"uv": [5.25, 6.5, 5, 8], "texture": "#1", "tintindex": 0}
			}
		},
		{
			"from": [6.975, 8.65, 6.98874],
			"to": [7.325, 10.575, 10.14437],
			"rotation": {"angle": 0, "axis": "y", "origin": [8, 8, 7.94437]},
			"faces": {
				"north": {"uv": [2, 7.5, 2.25, 8.5], "texture": "#1", "tintindex": 0},
				"east": {"uv": [0, 3, 1.5, 4], "texture": "#1", "tintindex": 0},
				"south": {"uv": [2.5, 7.5, 2.75, 8.5], "texture": "#1", "tintindex": 0},
				"west": {"uv": [1.5, 3, 3, 4], "texture": "#1", "tintindex": 0},
				"up": {"uv": [5.75, 8, 5.5, 6.5], "texture": "#1", "tintindex": 0},
				"down": {"uv": [6.25, 6.5, 6, 8], "texture": "#1", "tintindex": 0}
			}
		},
		{
			"from": [7.325, 10.275, 6.98874],
			"to": [8.675, 10.575, 10.14437],
			"rotation": {"angle": 0, "axis": "y", "origin": [8, 8, 7.94437]},
			"faces": {
				"north": {"uv": [8.5, 2.5, 9.25, 2.75], "texture": "#1", "tintindex": 0},
				"east": {"uv": [6.5, 2, 8, 2.25], "texture": "#1", "tintindex": 0},
				"south": {"uv": [8.5, 3, 9.25, 3.25], "texture": "#1", "tintindex": 0},
				"west": {"uv": [6.5, 5, 8, 5.25], "texture": "#1", "tintindex": 0},
				"up": {"uv": [2.75, 5.5, 2, 4], "texture": "#1", "tintindex": 0},
				"down": {"uv": [4.75, 3, 4, 4.5], "texture": "#1", "tintindex": 0}
			}
		},
		{
			"from": [7.825, 10.425, 8.21374],
			"to": [8.175, 10.975, 9.11937],
			"rotation": {"angle": 0, "axis": "y", "origin": [8, 8, 7.94437]},
			"faces": {
				"north": {"uv": [5, 9.5, 5.25, 9.75], "texture": "#1", "tintindex": 0},
				"east": {"uv": [3, 8.5, 3.5, 8.75], "texture": "#1", "tintindex": 0},
				"south": {"uv": [9.5, 5, 9.75, 5.25], "texture": "#1", "tintindex": 0},
				"west": {"uv": [3, 9.5, 3.5, 9.75], "texture": "#1", "tintindex": 0},
				"up": {"uv": [9.75, 3.5, 9.5, 3], "texture": "#1", "tintindex": 0},
				"down": {"uv": [3.75, 9.5, 3.5, 10], "texture": "#1", "tintindex": 0}
			}
		},
		{
			"from": [7.65, 10.85, 8.08874],
			"to": [8.35, 11.05, 9.24437],
			"rotation": {"angle": 0, "axis": "y", "origin": [8, 8, 7.94437]},
			"faces": {
				"north": {"uv": [5.5, 9.5, 5.75, 9.75], "texture": "#1", "tintindex": 0},
				"east": {"uv": [9.5, 3.5, 10, 3.75], "texture": "#1", "tintindex": 0},
				"south": {"uv": [9.5, 5.5, 9.75, 5.75], "texture": "#1", "tintindex": 0},
				"west": {"uv": [4, 9.5, 4.5, 9.75], "texture": "#1", "tintindex": 0},
				"up": {"uv": [4.75, 10, 4.5, 9.5], "texture": "#1", "tintindex": 0},
				"down": {"uv": [9.75, 4.5, 9.5, 5], "texture": "#1", "tintindex": 0}
			}
		},
		{
			"from": [7.325, 8.65, 6.98874],
			"to": [8.675, 8.95, 10.14437],
			"rotation": {"angle": 0, "axis": "y", "origin": [8, 8, 7.94437]},
			"faces": {
				"north": {"uv": [8.5, 3.5, 9.25, 3.75], "texture": "#1", "tintindex": 0},
				"east": {"uv": [6.5, 5.5, 8, 5.75], "texture": "#1", "tintindex": 0},
				"south": {"uv": [8.5, 4.5, 9.25, 4.75], "texture": "#1", "tintindex": 0},
				"west": {"uv": [6.5, 6.5, 8, 6.75], "texture": "#1", "tintindex": 0},
				"up": {"uv": [5.25, 1.5, 4.5, 0], "texture": "#1", "tintindex": 0},
				"down": {"uv": [5.25, 1.5, 4.5, 3], "texture": "#1", "tintindex": 0}
			}
		},
		{
			"from": [7.325, 8.5, 6.98874],
			"to": [8.675, 8.65, 10.14437],
			"rotation": {"angle": 0, "axis": "y", "origin": [8, 8, 7.94437]},
			"faces": {
				"north": {"uv": [9, 8.5, 9.75, 8.75], "texture": "#1", "tintindex": 0},
				"east": {"uv": [7, 0.5, 8.5, 0.75], "texture": "#1", "tintindex": 0},
				"south": {"uv": [9, 9, 9.75, 9.25], "texture": "#1", "tintindex": 0},
				"west": {"uv": [1.5, 7, 3, 7.25], "texture": "#1", "tintindex": 0},
				"up": {"uv": [4.75, 6, 4, 4.5], "texture": "#1", "tintindex": 0},
				"down": {"uv": [3.75, 5, 3, 6.5], "texture": "#1", "tintindex": 0}
			}
		},
		{
			"from": [6.975, 8.65, 6.06374],
			"to": [7.325, 10.575, 6.71937],
			"rotation": {"angle": 0, "axis": "y", "origin": [8, 8, 7.94437]},
			"faces": {
				"north": {"uv": [7.5, 2.5, 7.75, 3.5], "texture": "#1", "tintindex": 0},
				"east": {"uv": [7.5, 3.5, 7.75, 4.5], "texture": "#1", "tintindex": 0},
				"south": {"uv": [7.5, 7, 7.75, 8], "texture": "#1", "tintindex": 0},
				"west": {"uv": [1, 8, 1.25, 9], "texture": "#1", "tintindex": 0},
				"up": {"uv": [6.25, 9.75, 6, 9.5], "texture": "#1", "tintindex": 0},
				"down": {"uv": [9.75, 6, 9.5, 6.25], "texture": "#1", "tintindex": 0}
			}
		},
		{
			"from": [7.325, 10.275, 6.06374],
			"to": [8.675, 10.575, 6.71937],
			"rotation": {"angle": 0, "axis": "y", "origin": [8, 8, 7.94437]},
			"faces": {
				"north": {"uv": [8.5, 5, 9.25, 5.25], "texture": "#1", "tintindex": 0},
				"east": {"uv": [6.5, 9.5, 6.75, 9.75], "texture": "#1", "tintindex": 0},
				"south": {"uv": [8.5, 5.5, 9.25, 5.75], "texture": "#1", "tintindex": 0},
				"west": {"uv": [9.5, 6.5, 9.75, 6.75], "texture": "#1", "tintindex": 0},
				"up": {"uv": [9.25, 6.25, 8.5, 6], "texture": "#1", "tintindex": 0},
				"down": {"uv": [7.25, 8.5, 6.5, 8.75], "texture": "#1", "tintindex": 0}
			}
		},
		{
			"from": [6.975, 8.65, 10.28874],
			"to": [7.325, 10.575, 10.56937],
			"rotation": {"angle": 0, "axis": "y", "origin": [8, 8, 7.94437]},
			"faces": {
				"north": {"uv": [8, 2, 8.25, 3], "texture": "#1", "tintindex": 0},
				"east": {"uv": [8, 3, 8.25, 4], "texture": "#1", "tintindex": 0},
				"south": {"uv": [3.5, 8, 3.75, 9], "texture": "#1", "tintindex": 0},
				"west": {"uv": [4, 8, 4.25, 9], "texture": "#1", "tintindex": 0},
				"up": {"uv": [7.25, 9.75, 7, 9.5], "texture": "#1", "tintindex": 0},
				"down": {"uv": [9.75, 7, 9.5, 7.25], "texture": "#1", "tintindex": 0}
			}
		},
		{
			"from": [8.675, 8.65, 10.28874],
			"to": [9.025, 10.575, 10.56937],
			"rotation": {"angle": 0, "axis": "y", "origin": [8, 8, 7.94437]},
			"faces": {
				"north": {"uv": [4.5, 8, 4.75, 9], "texture": "#1", "tintindex": 0},
				"east": {"uv": [5, 8, 5.25, 9], "texture": "#1", "tintindex": 0},
				"south": {"uv": [8, 5, 8.25, 6], "texture": "#1", "tintindex": 0},
				"west": {"uv": [5.5, 8, 5.75, 9], "texture": "#1", "tintindex": 0},
				"up": {"uv": [7.75, 9.75, 7.5, 9.5], "texture": "#1", "tintindex": 0},
				"down": {"uv": [9.75, 7.5, 9.5, 7.75], "texture": "#1", "tintindex": 0}
			}
		},
		{
			"from": [7.325, 8.65, 10.28874],
			"to": [8.675, 8.95, 10.56937],
			"rotation": {"angle": 0, "axis": "y", "origin": [8, 8, 7.94437]},
			"faces": {
				"north": {"uv": [8.5, 6.5, 9.25, 6.75], "texture": "#1", "tintindex": 0},
				"east": {"uv": [8, 9.5, 8.25, 9.75], "texture": "#1", "tintindex": 0},
				"south": {"uv": [8.5, 7, 9.25, 7.25], "texture": "#1", "tintindex": 0},
				"west": {"uv": [9.5, 8, 9.75, 8.25], "texture": "#1", "tintindex": 0},
				"up": {"uv": [9.25, 7.75, 8.5, 7.5], "texture": "#1", "tintindex": 0},
				"down": {"uv": [8.75, 8.5, 8, 8.75], "texture": "#1", "tintindex": 0}
			}
		},
		{
			"from": [7.325, 10.275, 10.28874],
			"to": [8.675, 10.575, 10.56937],
			"rotation": {"angle": 0, "axis": "y", "origin": [8, 8, 7.94437]},
			"faces": {
				"north": {"uv": [8.5, 8, 9.25, 8.25], "texture": "#1", "tintindex": 0},
				"east": {"uv": [8.5, 9.5, 8.75, 9.75], "texture": "#1", "tintindex": 0},
				"south": {"uv": [9, 0, 9.75, 0.25], "texture": "#1", "tintindex": 0},
				"west": {"uv": [9, 9.5, 9.25, 9.75], "texture": "#1", "tintindex": 0},
				"up": {"uv": [9.75, 0.75, 9, 0.5], "texture": "#1", "tintindex": 0},
				"down": {"uv": [9.75, 1, 9, 1.25], "texture": "#1", "tintindex": 0}
			}
		},
		{
			"from": [8.675, 8.65, 6.06374],
			"to": [9.025, 10.575, 6.71937],
			"rotation": {"angle": 0, "axis": "y", "origin": [8, 8, 7.94437]},
			"faces": {
				"north": {"uv": [6, 8, 6.25, 9], "texture": "#1", "tintindex": 0},
				"east": {"uv": [8, 6.5, 8.25, 7.5], "texture": "#1", "tintindex": 0},
				"south": {"uv": [7.5, 8, 7.75, 9], "texture": "#1", "tintindex": 0},
				"west": {"uv": [8, 7.5, 8.25, 8.5], "texture": "#1", "tintindex": 0},
				"up": {"uv": [9.75, 9.75, 9.5, 9.5], "texture": "#1", "tintindex": 0},
				"down": {"uv": [0.25, 10, 0, 10.25], "texture": "#1", "tintindex": 0}
			}
		},
		{
			"from": [7.325, 8.65, 6.06374],
			"to": [8.675, 8.95, 6.71937],
			"rotation": {"angle": 0, "axis": "y", "origin": [8, 8, 7.94437]},
			"faces": {
				"north": {"uv": [9, 1.5, 9.75, 1.75], "texture": "#1", "tintindex": 0},
				"east": {"uv": [10, 0, 10.25, 0.25], "texture": "#1", "tintindex": 0},
				"south": {"uv": [2, 9, 2.75, 9.25], "texture": "#1", "tintindex": 0},
				"west": {"uv": [10, 0.5, 10.25, 0.75], "texture": "#1", "tintindex": 0},
				"up": {"uv": [9.75, 2.25, 9, 2], "texture": "#1", "tintindex": 0},
				"down": {"uv": [3.75, 9, 3, 9.25], "texture": "#1", "tintindex": 0}
			}
		},
		{
			"from": [7.05, 8.725, 6.68874],
			"to": [7.25, 10.5, 10.36937],
			"rotation": {"angle": 0, "axis": "y", "origin": [8, 8, 7.94437]},
			"faces": {
				"north": {"uv": [8.5, 0, 8.75, 1], "texture": "#1", "tintindex": 0},
				"east": {"uv": [0, 0, 1.75, 1], "texture": "#1", "tintindex": 0},
				"south": {"uv": [0.5, 8.5, 0.75, 9.5], "texture": "#1", "tintindex": 0},
				"west": {"uv": [0, 1, 1.75, 2], "texture": "#1", "tintindex": 0},
				"up": {"uv": [4.25, 7.75, 4, 6], "texture": "#1", "tintindex": 0},
				"down": {"uv": [4.75, 6, 4.5, 7.75], "texture": "#1", "tintindex": 0}
			}
		},
		{
			"from": [7.25, 8.725, 6.68874],
			"to": [8.75, 8.875, 10.36937],
			"rotation": {"angle": 0, "axis": "y", "origin": [8, 8, 7.94437]},
			"faces": {
				"north": {"uv": [4, 9, 4.75, 9.25], "texture": "#1", "tintindex": 0},
				"east": {"uv": [5.5, 2.5, 7.25, 2.75], "texture": "#1", "tintindex": 0},
				"south": {"uv": [9, 4, 9.75, 4.25], "texture": "#1", "tintindex": 0},
				"west": {"uv": [5, 6, 6.75, 6.25], "texture": "#1", "tintindex": 0},
				"up": {"uv": [3.75, 4.75, 3, 3], "texture": "#1", "tintindex": 0},
				"down": {"uv": [4.25, 1, 3.5, 2.75], "texture": "#1", "tintindex": 0}
			}
		},
		{
			"from": [8.75, 8.725, 6.68874],
			"to": [8.95, 10.5, 10.36937],
			"rotation": {"angle": 0, "axis": "y", "origin": [8, 8, 7.94437]},
			"faces": {
				"north": {"uv": [8.5, 1, 8.75, 2], "texture": "#1", "tintindex": 0},
				"east": {"uv": [0, 2, 1.75, 3], "texture": "#1", "tintindex": 0},
				"south": {"uv": [1.5, 8.5, 1.75, 9.5], "texture": "#1", "tintindex": 0},
				"west": {"uv": [2, 0, 3.75, 1], "texture": "#1", "tintindex": 0},
				"up": {"uv": [3.25, 8.25, 3, 6.5], "texture": "#1", "tintindex": 0},
				"down": {"uv": [6.75, 3, 6.5, 4.75], "texture": "#1", "tintindex": 0}
			}
		},
		{
			"from": [7.25, 10.35, 6.68874],
			"to": [8.75, 10.5, 10.36937],
			"rotation": {"angle": 0, "axis": "y", "origin": [8, 8, 7.94437]},
			"faces": {
				"north": {"uv": [5, 9, 5.75, 9.25], "texture": "#1", "tintindex": 0},
				"east": {"uv": [6.5, 1, 8.25, 1.25], "texture": "#1", "tintindex": 0},
				"south": {"uv": [6, 9, 6.75, 9.25], "texture": "#1", "tintindex": 0},
				"west": {"uv": [6.5, 1.5, 8.25, 1.75], "texture": "#1", "tintindex": 0},
				"up": {"uv": [0.75, 5.75, 0, 4], "texture": "#1", "tintindex": 0},
				"down": {"uv": [1.75, 4, 1, 5.75], "texture": "#1", "tintindex": 0}
			}
		},
		{
			"from": [7.975, 9.6, 6.25],
			"to": [8.025, 9.65, 6.25],
			"faces": {
				"south": {"uv": [1, 10, 1.25, 10.25], "texture": "#1", "tintindex": 2}
			}
		},
		{
			"from": [7.25, 7.775, 7.6],
			"to": [8.75, 8.275, 9.6],
			"rotation": {"angle": 0, "axis": "y", "origin": [8, 8.125, 5.85]},
			"faces": {
				"north": {"uv": [7, 9, 7.75, 9.25], "texture": "#1"},
				"east": {"uv": [8, 4, 9, 4.25], "texture": "#1"},
				"south": {"uv": [8, 9, 8.75, 9.25], "texture": "#1"},
				"west": {"uv": [2, 8.5, 3, 8.75], "texture": "#1"},
				"up": {"uv": [0.75, 7, 0, 6], "texture": "#1"},
				"down": {"uv": [1.75, 6, 1, 7], "texture": "#1"}
			}
		},
		{
			"from": [7.5, 7.85, 7.85],
			"to": [8.5, 8.675, 9.35],
			"rotation": {"angle": 0, "axis": "y", "origin": [8, 8.125, 5.85]},
			"faces": {
				"north": {"uv": [8, 0, 8.5, 0.5], "texture": "#1"},
				"east": {"uv": [0, 7, 0.75, 7.5], "texture": "#1"},
				"south": {"uv": [8.5, 2, 9, 2.5], "texture": "#1"},
				"west": {"uv": [7, 0, 7.75, 0.5], "texture": "#1"},
				"up": {"uv": [4.5, 0.75, 4, 0], "texture": "#1"},
				"down": {"uv": [1.5, 7, 1, 7.75], "texture": "#1"}
			}
		}
	],
	"display": {
		"firstperson_righthand": {
			"translation": [0, 2, 2],
			"scale": [1.5, 1.5, 1.5]
		},
		"firstperson_lefthand": {
			"translation": [0, 2, 2],
			"scale": [1.5, 1.5, 1.5]
		},
		"ground": {
			"translation": [0, -3, -2],
			"scale": [1.36, 1.36, 1.36]
		},
		"gui": {
			"rotation": [30, 225, 0],
			"translation": [0.25, -3.5, 0],
			"scale": [1.86, 1.86, 1.86]
		},
		"fixed": {
			"rotation": [-180, 88.75, -180],
			"translation": [-1.25, -3.5, -2],
			"scale": [2.17, 2.17, 2.17]
		}
	}
}