{
	"credit": "Made with Blockbench",
	"texture_size": [64, 64],
	"textures": {
		"0": "cgm:item/silencer",
		"particle": "cgm:item/silencer"
	},
	"elements": [
		{
			"from": [5.5, 5.05, -8.65],
			"to": [10.5, 10.05, 7.35],
			"faces": {
				"north": {"uv": [4, 0, 5.25, 1.25], "texture": "#0", "tintindex": 0},
				"east": {"uv": [3.75, 2.5, 7.75, 3.75], "texture": "#0", "tintindex": 0},
				"south": {"uv": [4, 1.25, 5.25, 2.5], "texture": "#0", "tintindex": 0},
				"west": {"uv": [3.75, 3.75, 7.75, 5], "texture": "#0", "tintindex": 0},
				"up": {"uv": [3.75, 9, 2.5, 5], "texture": "#0", "tintindex": 0},
				"down": {"uv": [5, 5, 3.75, 9], "texture": "#0", "tintindex": 0}
			}
		},
		{
			"from": [5.75, 5.3, 7.35],
			"to": [10.25, 9.8, 8.1],
			"faces": {
				"north": {"uv": [5, 5, 6.25, 6.25], "texture": "#0", "tintindex": 0},
				"east": {"uv": [6.25, 5, 6.5, 6.25], "texture": "#0", "tintindex": 0},
				"south": {"uv": [5.25, 0, 6.5, 1.25], "texture": "#0", "tintindex": 0},
				"west": {"uv": [6.25, 6.25, 6.5, 7.5], "texture": "#0", "tintindex": 0},
				"up": {"uv": [1.25, 6.75, 0, 6.5], "texture": "#0", "tintindex": 0},
				"down": {"uv": [7.75, 0, 6.5, 0.25], "texture": "#0", "tintindex": 0}
			}
		},
		{
			"from": [5.75, 5.3, -9.4],
			"to": [10.25, 9.8, -8.65],
			"faces": {
				"north": {"uv": [5.25, 1.25, 6.5, 2.5], "texture": "#0", "tintindex": 0},
				"east": {"uv": [6.5, 0.25, 6.75, 1.5], "texture": "#0", "tintindex": 0},
				"south": {"uv": [5, 6.25, 6.25, 7.5], "texture": "#0", "tintindex": 0},
				"west": {"uv": [1.25, 6.5, 1.5, 7.75], "texture": "#0", "tintindex": 0},
				"up": {"uv": [7.75, 1.75, 6.5, 1.5], "texture": "#0", "tintindex": 0},
				"down": {"uv": [7.75, 1.75, 6.5, 2], "texture": "#0", "tintindex": 0}
			}
		}
	],
	"display": {
		"thirdperson_righthand": {
			"rotation": [114, 0, 0],
			"translation": [0, -2.25, -1.25],
			"scale": [0.54, 0.54, 0.54]
		},
		"firstperson_righthand": {
			"rotation": [90, 0, 0],
			"translation": [2.25, 0, 0],
			"scale": [0.75, 0.75, 0.75]
		},
		"ground": {
			"translation": [0, 1, 3.2],
			"scale": [0.8, 0.8, 0.8]
		},
		"gui": {
			"rotation": [30, 225, 0],
			"translation": [-6, 3.75, 0],
			"scale": [0.95, 0.95, 0.95]
		},
		"fixed": {
			"rotation": [0, 90, 0],
			"translation": [6, 0, -1.75],
			"scale": [1.5, 1.5, 1.5]
		}
	}
}