{
	"credit": "Made with Blockbench",
	"parent": "block/block",
	"textures": {
		"0": "computercraft:block/wireless_modem_normal",
		"1": "computercraft:block/wireless_antenna",
		"particle": "computercraft:block/wireless_modem_normal"
	},
	"elements": [
		{
			"name": "Corps",
			"from": [3, 0, 1],
			"to": [13, 4, 15],
			"rotation": {"angle": 0, "axis": "x", "origin": [3, 1, 0]},
			"faces": {
				"north": {"uv": [5, 7, 10, 9], "texture": "#0"},
				"east": {"uv": [10, 0, 12, 7], "rotation": 90, "texture": "#0"},
				"south": {"uv": [5, 7, 10, 9], "texture": "#0"},
				"west": {"uv": [10, 0, 12, 7], "rotation": 90, "texture": "#0"},
				"up": {"uv": [5, 0, 10, 7], "texture": "#0"},
				"down": {"uv": [0, 0, 5, 7], "texture": "#0"}
			}
		},
		{
			"name": "Antenne",
			"from": [2, 2, 3],
			"to": [3, 11, 4],
			"rotation": {"angle": 0, "axis": "y", "origin": [-2, -10, -1]},
			"faces": {
				"north": {"uv": [1, 1, 2, 10], "texture": "#1"},
				"east": {"uv": [1, 1, 2, 10], "texture": "#1"},
				"south": {"uv": [1, 1, 2, 10], "texture": "#1"},
				"west": {"uv": [1, 1, 2, 10], "texture": "#1"},
				"up": {"uv": [1, 1, 2, 2], "texture": "#1"},
				"down": {"uv": [1, 9, 2, 10], "texture": "#1"}
			}
		},
		{
			"from": [-4.14386, 6.77791, 1],
			"to": [-2.14386, 6.77791, 6],
			"rotation": {"angle": -22.5, "axis": "z", "origin": [2, 2, 3]},
			"faces": {
				"north": {"uv": [0, 0, 2, 0], "texture": "#1"},
				"east": {"uv": [0, 0, 5, 0], "texture": "#1"},
				"south": {"uv": [0, 0, 2, 0], "texture": "#1"},
				"west": {"uv": [0, 0, 5, 0], "texture": "#1"},
				"up": {"uv": [3, 1, 5, 6], "texture": "#1"},
				"down": {"uv": [3, 1, 5, 6], "texture": "#1"}
			}
		},
		{
			"from": [0, 8, 1],
			"to": [5, 8, 6],
			"rotation": {"angle": 0, "axis": "y", "origin": [2, 2, 3]},
			"faces": {
				"north": {"uv": [0, 0, 5, 0], "texture": "#1"},
				"east": {"uv": [0, 0, 5, 0], "texture": "#1"},
				"south": {"uv": [0, 0, 5, 0], "texture": "#1"},
				"west": {"uv": [0, 0, 5, 0], "texture": "#1"},
				"up": {"uv": [4, 1, 9, 6], "texture": "#1"},
				"down": {"uv": [4, 1, 9, 6], "texture": "#1"}
			}
		},
		{
			"from": [0, 6.77791, -3.14386],
			"to": [5, 6.77791, -1.14386],
			"rotation": {"angle": 22.5, "axis": "x", "origin": [2, 2, 3]},
			"faces": {
				"north": {"uv": [0, 0, 5, 0], "texture": "#1"},
				"east": {"uv": [0, 0, 2, 0], "texture": "#1"},
				"south": {"uv": [0, 0, 5, 0], "texture": "#1"},
				"west": {"uv": [0, 0, 2, 0], "texture": "#1"},
				"up": {"uv": [4, 0, 9, 2], "texture": "#1"},
				"down": {"uv": [4, 2, 9, 0], "texture": "#1"}
			}
		},
		{
			"from": [0, 6.39523, 8.06774],
			"to": [5, 6.39523, 10.06774],
			"rotation": {"angle": -22.5, "axis": "x", "origin": [2, 2, 3]},
			"faces": {
				"north": {"uv": [0, 0, 5, 0], "texture": "#1"},
				"east": {"uv": [0, 0, 2, 0], "texture": "#1"},
				"south": {"uv": [0, 0, 5, 0], "texture": "#1"},
				"west": {"uv": [0, 0, 2, 0], "texture": "#1"},
				"up": {"uv": [4, 5, 9, 7], "texture": "#1"},
				"down": {"uv": [4, 7, 9, 5], "texture": "#1"}
			}
		},
		{
			"from": [7.06774, 6.39523, 1],
			"to": [9.06774, 6.39523, 6],
			"rotation": {"angle": 22.5, "axis": "z", "origin": [2, 2, 3]},
			"faces": {
				"north": {"uv": [0, 0, 2, 0], "texture": "#1"},
				"east": {"uv": [0, 0, 5, 0], "texture": "#1"},
				"south": {"uv": [0, 0, 2, 0], "texture": "#1"},
				"west": {"uv": [0, 0, 5, 0], "texture": "#1"},
				"up": {"uv": [8, 1, 10, 6], "texture": "#1"},
				"down": {"uv": [8, 1, 10, 6], "texture": "#1"}
			}
		}
	],
	"groups": [
		0,
		1,
		{
			"name": "Parabole",
			"origin": [0, 0, 0],
			"color": 0,
			"children": [2, 3, 4, 5, 6]
		}
	]
}