{
	"format_version": "1.12.0",
	"minecraft:geometry": [
		{
			"description": {
				"identifier": "geometry.unknown",
				"texture_width": 128,
				"texture_height": 128,
				"visible_bounds_width": 4,
				"visible_bounds_height": 4,
				"visible_bounds_offset": [0, 1, 0]
			},
			"bones": [
				{
					"name": "Press",
					"pivot": [0, 0, 0]
				},
				{
					"name": "bone",
					"parent": "Press",
					"pivot": [-6, 9, -10],
					"cubes": [
						{
							"origin": [-6, 15, -22],
							"size": [12, 4, 12],
							"uv": {
								"north": {"uv": [74, 42], "uv_size": [12, 4]},
								"east": {"uv": [74, 46], "uv_size": [12, 4]},
								"south": {"uv": [74, 50], "uv_size": [12, 4]},
								"west": {"uv": [74, 54], "uv_size": [12, 4]},
								"up": {"uv": [48, 32], "uv_size": [12, 12]},
								"down": {"uv": [48, 44], "uv_size": [12, -12]}
							}
						}
					]
				},
				{
					"name": "seal_block",
					"parent": "bone",
					"pivot": [-6, 9, -10],
					"cubes": [
						{
							"origin": [-7, 12, -23],
							"size": [14, 4, 1],
							"uv": {
								"north": {"uv": [60, 42], "uv_size": [14, 4]},
								"east": {"uv": [73, 42], "uv_size": [1, 4]},
								"south": {"uv": [60, 46], "uv_size": [14, 4]},
								"west": {"uv": [60, 42], "uv_size": [1, 4]},
								"up": {"uv": [60, 42], "uv_size": [14, 1]},
								"down": {"uv": [60, 43], "uv_size": [14, -1]}
							}
						},
						{
							"origin": [-7, 12, -10],
							"size": [14, 4, 1],
							"uv": {
								"north": {"uv": [60, 46], "uv_size": [14, 4]},
								"east": {"uv": [60, 42], "uv_size": [1, 4]},
								"south": {"uv": [60, 42], "uv_size": [14, 4]},
								"west": {"uv": [73, 42], "uv_size": [1, 4]},
								"up": {"uv": [60, 42], "uv_size": [14, 1]},
								"down": {"uv": [60, 43], "uv_size": [14, -1]}
							}
						},
						{
							"origin": [6, 12, -22],
							"size": [1, 4, 12],
							"uv": {
								"east": {"uv": [61, 46], "uv_size": [12, 4]},
								"west": {"uv": [61, 42], "uv_size": [12, 4]},
								"up": {"uv": [61, 42], "uv_size": [12, 1]},
								"down": {"uv": [73, 42], "uv_size": [-12, 1]}
							}
						},
						{
							"origin": [-7, 12, -22],
							"size": [1, 4, 12],
							"uv": {
								"east": {"uv": [61, 42], "uv_size": [12, 4]},
								"west": {"uv": [61, 46], "uv_size": [12, 4]},
								"up": {"uv": [61, 42], "uv_size": [12, 1]},
								"down": {"uv": [73, 42], "uv_size": [-12, 1]}
							}
						}
					]
				},
				{
					"name": "piston",
					"parent": "Press",
					"pivot": [0, 0, 0],
					"cubes": [
						{
							"origin": [-6, 21, -22],
							"size": [12, 10, 12],
							"uv": {
								"north": {"uv": [52, 56], "uv_size": [12, 10]},
								"east": {"uv": [52, 56], "uv_size": [12, 10]},
								"south": {"uv": [52, 56], "uv_size": [12, 10]},
								"west": {"uv": [52, 56], "uv_size": [12, 10]},
								"up": {"uv": [32, 46], "uv_size": [12, 12]},
								"down": {"uv": [32, 58], "uv_size": [12, -12]}
							}
						}
					]
				},
				{
					"name": "piston_2",
					"parent": "piston",
					"pivot": [0, 0, 0],
					"cubes": [
						{
							"origin": [-5, 19, -21],
							"size": [10, 8, 10],
							"uv": {
								"north": {"uv": [22, 61], "uv_size": [10, 8]},
								"east": {"uv": [22, 61], "uv_size": [10, 8]},
								"south": {"uv": [22, 61], "uv_size": [10, 8]},
								"west": {"uv": [22, 61], "uv_size": [10, 8]},
								"up": {"uv": [33, 47], "uv_size": [10, 10]},
								"down": {"uv": [33, 57], "uv_size": [10, -10]}
							}
						}
					]
				},
				{
					"name": "block",
					"parent": "Press",
					"pivot": [0, 0, 0],
					"cubes": [
						{
							"origin": [-8, 23, -24],
							"size": [16, 9, 16],
							"uv": {
								"north": {"uv": [64, 9], "uv_size": [16, 9]},
								"east": {"uv": [64, 0], "uv_size": [16, 9]},
								"south": {"uv": [64, 0], "uv_size": [16, 9]},
								"west": {"uv": [64, 0], "uv_size": [16, 9]},
								"up": {"uv": [16, 31], "uv_size": [16, 16]},
								"down": {"uv": [16, 47], "uv_size": [16, -16]}
							}
						}
					]
				},
				{
					"name": "pressure_gauge",
					"parent": "block",
					"pivot": [0, 27.5, -24],
					"cubes": [
						{
							"origin": [-0.5, 27, -24.25],
							"size": [1, 3, 1.25],
							"uv": {
								"north": {"uv": [64, 28], "uv_size": [1, 3]},
								"east": {"uv": [64, 28], "uv_size": [1, 3]},
								"south": {"uv": [64, 28], "uv_size": [1, 3]},
								"west": {"uv": [64, 28], "uv_size": [1, 3]},
								"up": {"uv": [64, 28], "uv_size": [1, 1.25]},
								"down": {"uv": [64, 31.25], "uv_size": [1, -1.25]}
							}
						}
					]
				},
				{
					"name": "IO",
					"pivot": [0, 0, 0],
					"cubes": [
						{
							"origin": [-8, -16, -24],
							"size": [16, 14, 16],
							"uv": {
								"north": {"uv": [16, 47], "uv_size": [16, 14]},
								"up": {"uv": [16, 31], "uv_size": [16, 16]},
								"down": {"uv": [0, 48], "uv_size": [16, -16]}
							}
						},
						{
							"origin": [-6, -2, -22],
							"size": [12, 2, 12],
							"uv": {
								"north": {"uv": [65, 58], "uv_size": [12, 2]},
								"east": {"uv": [65, 60], "uv_size": [12, 2]},
								"south": {"uv": [65, 62], "uv_size": [12, 2]},
								"west": {"uv": [65, 64], "uv_size": [12, 2]},
								"up": {"uv": [48, 44], "uv_size": [12, 12]},
								"down": {"uv": [48, 56], "uv_size": [12, -12]}
							}
						}
					]
				},
				{
					"name": "frame_unanim",
					"pivot": [0, 0, 0],
					"cubes": [
						{
							"origin": [8, -16, -24],
							"size": [16, 16, 32],
							"uv": {
								"north": {"uv": [16, 16], "uv_size": [16, 16]},
								"east": {"uv": [0, 0], "uv_size": [32, 16]},
								"south": {"uv": [16, 16], "uv_size": [-16, 16]},
								"west": {"uv": [0, 0], "uv_size": [32, 16]},
								"up": {"uv": [48, 0], "uv_size": [16, 32]},
								"down": {"uv": [32, 32], "uv_size": [16, -32]}
							}
						},
						{
							"origin": [-24, -16, -24],
							"size": [16, 16, 32],
							"uv": {
								"north": {"uv": [32, 16], "uv_size": [-16, 16]},
								"east": {"uv": [0, 0], "uv_size": [32, 16]},
								"south": {"uv": [0, 16], "uv_size": [16, 16]},
								"west": {"uv": [0, 0], "uv_size": [32, 16]},
								"up": {"uv": [64, 0], "uv_size": [-16, 32]},
								"down": {"uv": [48, 32], "uv_size": [-16, -32]}
							}
						},
						{
							"origin": [10, 0, -20],
							"size": [8, 24, 8],
							"uv": {
								"north": {"uv": [80, 0], "uv_size": [8, 24]},
								"east": {"uv": [80, 0], "uv_size": [8, 24]},
								"south": {"uv": [80, 0], "uv_size": [8, 24]},
								"west": {"uv": [80, 0], "uv_size": [8, 24]}
							}
						},
						{
							"origin": [-18, 0, -20],
							"size": [8, 24, 8],
							"uv": {
								"north": {"uv": [80, 0], "uv_size": [8, 24]},
								"east": {"uv": [80, 0], "uv_size": [8, 24]},
								"south": {"uv": [80, 0], "uv_size": [8, 24]},
								"west": {"uv": [80, 0], "uv_size": [8, 24]}
							}
						},
						{
							"origin": [8, 24, -20],
							"size": [12, 6, 2],
							"uv": {
								"north": {"uv": [74, 36], "uv_size": [12, 6]},
								"south": {"uv": [74, 36], "uv_size": [12, 6]},
								"west": {"uv": [76, 36], "uv_size": [2, 6]},
								"up": {"uv": [74, 38], "uv_size": [12, 2]},
								"down": {"uv": [74, 40], "uv_size": [12, -2]}
							}
						},
						{
							"origin": [8, 26, -18],
							"size": [12, 2, 4],
							"uv": {
								"west": {"uv": [77, 38], "uv_size": [4, 2]},
								"up": {"uv": [60, 52], "uv_size": [12, 4]},
								"down": {"uv": [60, 56], "uv_size": [12, -4]}
							}
						},
						{
							"origin": [8, 23, -20],
							"size": [1, 8, 8],
							"uv": {
								"north": {"uv": [74, 28], "uv_size": [1, 8]},
								"east": {"uv": [50, 34], "uv_size": [8, 8]},
								"south": {"uv": [74, 28], "uv_size": [1, 8]},
								"west": {"uv": [50, 34], "uv_size": [8, 8]},
								"up": {"uv": [76, 38], "uv_size": [8, 1]},
								"down": {"uv": [84, 38], "uv_size": [-8, 1]}
							}
						},
						{
							"origin": [8, 24, -14],
							"size": [12, 6, 2],
							"uv": {
								"north": {"uv": [74, 36], "uv_size": [12, 6]},
								"south": {"uv": [74, 36], "uv_size": [12, 6]},
								"west": {"uv": [76, 36], "uv_size": [2, 6]},
								"up": {"uv": [74, 38], "uv_size": [12, 2]},
								"down": {"uv": [74, 40], "uv_size": [12, -2]}
							}
						},
						{
							"origin": [-20, 24, -14],
							"size": [12, 6, 2],
							"uv": {
								"north": {"uv": [74, 36], "uv_size": [12, 6]},
								"east": {"uv": [76, 36], "uv_size": [2, 6]},
								"south": {"uv": [74, 36], "uv_size": [12, 6]},
								"up": {"uv": [74, 38], "uv_size": [12, 2]},
								"down": {"uv": [74, 40], "uv_size": [12, -2]}
							}
						},
						{
							"origin": [-20, 24, -20],
							"size": [12, 6, 2],
							"uv": {
								"north": {"uv": [74, 36], "uv_size": [12, 6]},
								"east": {"uv": [76, 36], "uv_size": [2, 6]},
								"south": {"uv": [74, 36], "uv_size": [12, 6]},
								"up": {"uv": [74, 38], "uv_size": [12, 2]},
								"down": {"uv": [74, 40], "uv_size": [12, -2]}
							}
						},
						{
							"origin": [-20, 26, -18],
							"size": [12, 2, 4],
							"uv": {
								"east": {"uv": [78, 38], "uv_size": [4, 2]},
								"up": {"uv": [60, 52], "uv_size": [12, 4]},
								"down": {"uv": [60, 56], "uv_size": [12, -4]}
							}
						},
						{
							"origin": [-9, 23, -20],
							"size": [1, 8, 8],
							"uv": {
								"north": {"uv": [74, 28], "uv_size": [1, 8]},
								"east": {"uv": [50, 34], "uv_size": [8, 8]},
								"south": {"uv": [74, 28], "uv_size": [1, 8]},
								"west": {"uv": [50, 34], "uv_size": [8, 8]},
								"up": {"uv": [76, 38], "uv_size": [8, 1]},
								"down": {"uv": [84, 38], "uv_size": [-8, 1]}
							}
						},
						{
							"origin": [-8, -16, -8],
							"size": [16, 18, 16],
							"uv": {
								"north": {"uv": [0, 48], "uv_size": [16, 18]},
								"east": {"uv": [0, 48], "uv_size": [16, 18]},
								"south": {"uv": [0, 48], "uv_size": [16, 18]},
								"west": {"uv": [0, 48], "uv_size": [16, 18]},
								"up": {"uv": [16, 31], "uv_size": [16, 16]},
								"down": {"uv": [0, 32], "uv_size": [16, 16]}
							}
						},
						{
							"origin": [9, 2, -8],
							"size": [6, 18, 6],
							"uv": {
								"north": {"uv": [0, 66], "uv_size": [6, 18]},
								"east": {"uv": [12, 66], "uv_size": [6, 18]},
								"south": {"uv": [6, 66], "uv_size": [6, 18]},
								"west": {"uv": [12, 66], "uv_size": [6, 18]},
								"up": {"uv": [18, 78], "uv_size": [6, 6]},
								"down": {"uv": [18, 84], "uv_size": [6, -6]}
							}
						},
						{
							"origin": [-15, 2, -8],
							"size": [6, 18, 6],
							"uv": {
								"north": {"uv": [0, 66], "uv_size": [6, 18]},
								"east": {"uv": [12, 66], "uv_size": [6, 18]},
								"south": {"uv": [6, 66], "uv_size": [6, 18]},
								"west": {"uv": [12, 66], "uv_size": [6, 18]},
								"up": {"uv": [18, 78], "uv_size": [6, 6]},
								"down": {"uv": [18, 84], "uv_size": [6, -6]}
							}
						},
						{
							"origin": [13, 16, -12],
							"size": [1, 2, 4],
							"uv": {
								"north": {"uv": [84, 13], "uv_size": [1, 2]},
								"east": {"uv": [82, 12], "uv_size": [2, 2]},
								"south": {"uv": [83, 10], "uv_size": [1, 2]},
								"west": {"uv": [82, 9], "uv_size": [2, 2]},
								"up": {"uv": [85, 11], "uv_size": [1, 2]},
								"down": {"uv": [83, 18], "uv_size": [1, -2]}
							}
						},
						{
							"origin": [13, 4, -12],
							"size": [1, 2, 4],
							"uv": {
								"north": {"uv": [84, 13], "uv_size": [1, 2]},
								"east": {"uv": [82, 12], "uv_size": [2, 2]},
								"south": {"uv": [83, 10], "uv_size": [1, 2]},
								"west": {"uv": [82, 9], "uv_size": [2, 2]},
								"up": {"uv": [85, 11], "uv_size": [1, 2]},
								"down": {"uv": [83, 18], "uv_size": [1, -2]}
							}
						},
						{
							"origin": [-14, 4, -12],
							"size": [1, 2, 4],
							"uv": {
								"north": {"uv": [84, 13], "uv_size": [1, 2]},
								"east": {"uv": [82, 12], "uv_size": [2, 2]},
								"south": {"uv": [83, 10], "uv_size": [1, 2]},
								"west": {"uv": [82, 9], "uv_size": [2, 2]},
								"up": {"uv": [85, 11], "uv_size": [1, 2]},
								"down": {"uv": [83, 18], "uv_size": [1, -2]}
							}
						},
						{
							"origin": [-14, 16, -12],
							"size": [1, 2, 4],
							"uv": {
								"north": {"uv": [84, 13], "uv_size": [1, 2]},
								"east": {"uv": [82, 12], "uv_size": [2, 2]},
								"south": {"uv": [83, 10], "uv_size": [1, 2]},
								"west": {"uv": [82, 9], "uv_size": [2, 2]},
								"up": {"uv": [85, 11], "uv_size": [1, 2]},
								"down": {"uv": [83, 18], "uv_size": [1, -2]}
							}
						},
						{
							"origin": [11, 4, -2],
							"size": [2, 2, 3],
							"uv": {
								"east": {"uv": [41, 58], "uv_size": [3, 2]},
								"south": {"uv": [41, 58], "uv_size": [2, 2]},
								"west": {"uv": [40, 58], "uv_size": [3, 2]},
								"up": {"uv": [41, 58], "uv_size": [2, 3]},
								"down": {"uv": [41, 61], "uv_size": [2, -3]}
							}
						},
						{
							"origin": [-13, 4, -2],
							"size": [2, 2, 3],
							"uv": {
								"east": {"uv": [41, 58], "uv_size": [3, 2]},
								"south": {"uv": [41, 58], "uv_size": [2, 2]},
								"west": {"uv": [40, 58], "uv_size": [3, 2]},
								"up": {"uv": [41, 58], "uv_size": [2, 3]},
								"down": {"uv": [41, 61], "uv_size": [2, -3]}
							}
						},
						{
							"origin": [8, 4, -1],
							"size": [3.1, 2, 2],
							"uv": {
								"north": {"uv": [46, 56], "uv_size": [3, 2]},
								"south": {"uv": [46, 56], "uv_size": [3, 2]},
								"up": {"uv": [46, 56], "uv_size": [3, 2]},
								"down": {"uv": [46, 58], "uv_size": [3, -2]}
							}
						},
						{
							"origin": [-11, 4, -1],
							"size": [3.1, 2, 2],
							"uv": {
								"north": {"uv": [46, 56], "uv_size": [3, 2]},
								"south": {"uv": [46, 56], "uv_size": [3, 2]},
								"up": {"uv": [46, 56], "uv_size": [3, 2]},
								"down": {"uv": [46, 58], "uv_size": [3, -2]}
							}
						},
						{
							"origin": [10, 23, -21],
							"size": [8, 2, 10],
							"uv": {
								"north": {"uv": [75, 30], "uv_size": [8, 2]},
								"east": {"uv": [75, 32], "uv_size": [10, 2]},
								"south": {"uv": [75, 30], "uv_size": [8, 2]},
								"west": {"uv": [75, 32], "uv_size": [10, 2]},
								"up": {"uv": [49, 33], "uv_size": [8, 10]},
								"down": {"uv": [49, 43], "uv_size": [8, -10]}
							}
						},
						{
							"origin": [10, 0, -21],
							"size": [8, 2, 10],
							"uv": {
								"north": {"uv": [75, 30], "uv_size": [8, 2]},
								"east": {"uv": [75, 32], "uv_size": [10, 2]},
								"south": {"uv": [75, 30], "uv_size": [8, 2]},
								"west": {"uv": [75, 32], "uv_size": [10, 2]},
								"up": {"uv": [49, 33], "uv_size": [8, 10]},
								"down": {"uv": [49, 43], "uv_size": [8, -10]}
							}
						},
						{
							"origin": [4, 0, -21],
							"size": [8, 2, 10],
							"pivot": [11, 0, -19],
							"rotation": [0, 90, 0],
							"uv": {
								"north": {"uv": [75, 30], "uv_size": [8, 2]},
								"east": {"uv": [75, 32], "uv_size": [10, 2]},
								"south": {"uv": [75, 30], "uv_size": [8, 2]},
								"west": {"uv": [75, 32], "uv_size": [10, 2]},
								"up": {"uv": [49, 33], "uv_size": [8, 10]},
								"down": {"uv": [49, 43], "uv_size": [8, -10]}
							}
						},
						{
							"origin": [-24, 0, -21],
							"size": [8, 2, 10],
							"pivot": [-17, 0, -19],
							"rotation": [0, 90, 0],
							"uv": {
								"north": {"uv": [75, 30], "uv_size": [8, 2]},
								"east": {"uv": [75, 32], "uv_size": [10, 2]},
								"south": {"uv": [75, 30], "uv_size": [8, 2]},
								"west": {"uv": [75, 32], "uv_size": [10, 2]},
								"up": {"uv": [49, 33], "uv_size": [8, 10]},
								"down": {"uv": [49, 43], "uv_size": [8, -10]}
							}
						},
						{
							"origin": [-18, 0, -21],
							"size": [8, 2, 10],
							"uv": {
								"north": {"uv": [75, 30], "uv_size": [8, 2]},
								"east": {"uv": [75, 32], "uv_size": [10, 2]},
								"south": {"uv": [75, 30], "uv_size": [8, 2]},
								"west": {"uv": [75, 32], "uv_size": [10, 2]},
								"up": {"uv": [49, 33], "uv_size": [8, 10]},
								"down": {"uv": [49, 43], "uv_size": [8, -10]}
							}
						},
						{
							"origin": [-18, 23, -21],
							"size": [8, 2, 10],
							"uv": {
								"north": {"uv": [75, 30], "uv_size": [8, 2]},
								"east": {"uv": [75, 32], "uv_size": [10, 2]},
								"south": {"uv": [75, 30], "uv_size": [8, 2]},
								"west": {"uv": [75, 32], "uv_size": [10, 2]},
								"up": {"uv": [49, 33], "uv_size": [8, 10]},
								"down": {"uv": [49, 43], "uv_size": [8, -10]}
							}
						}
					]
				},
				{
					"name": "frame_pipe",
					"parent": "frame_unanim",
					"pivot": [0, 0, 0],
					"cubes": [
						{
							"origin": [-5, 14, -5],
							"size": [10, 2, 10],
							"uv": {
								"north": {"uv": [80, 32], "uv_size": [10, 2]},
								"east": {"uv": [60, 50], "uv_size": [10, 2]},
								"south": {"uv": [60, 50], "uv_size": [10, 2]},
								"west": {"uv": [60, 50], "uv_size": [10, 2]},
								"up": {"uv": [32, 58], "uv_size": [10, 10]},
								"down": {"uv": [42, 68], "uv_size": [10, -10]}
							}
						},
						{
							"origin": [-4, 12, -4],
							"size": [8, 2, 8],
							"uv": {
								"north": {"uv": [44, 56], "uv_size": [8, 2]},
								"east": {"uv": [44, 56], "uv_size": [8, 2]},
								"south": {"uv": [44, 56], "uv_size": [8, 2]},
								"west": {"uv": [44, 56], "uv_size": [8, 2]}
							}
						},
						{
							"origin": [-8, 2, -7],
							"size": [16, 10, 14],
							"uv": {
								"north": {"uv": [64, 18], "uv_size": [16, 10]},
								"east": {"uv": [60, 32], "uv_size": [14, 10]},
								"south": {"uv": [64, 18], "uv_size": [16, 10]},
								"west": {"uv": [74, 32], "uv_size": [-14, 10]},
								"up": {"uv": [32, 32], "uv_size": [16, 14]}
							}
						}
					]
				}
			]
		}
	]
}