{
	"type": "create:sequenced_assembly",
	"ingredient": {"tag": "custom:mana_pearl_or_diamond"},
	"transitionalItem": {"item": "botania:livingrock"},
	"sequence": [
		{
			"type": "create:deploying",
			"ingredients": [{"item": "botania:livingrock"}, {"item":"botania:livingrock"}],
			"results": [{"item": "advancedrocketry:sawbladeiron"}]
		},

		{
			"type": "create:pressing",
			"ingredients": [{"item": "botania:livingrock"}],
			"results": [{"item": "advancedrocketry:sawbladeiron"}]
		}
	],
	"results": [
		{"item": "botania:runic_altar", "chance": 1.0, "count": 1}

	],
	"loops": 5
}