{
	"format_version": "1.12.0",
	"minecraft:geometry": [
		{
			"description": {
				"identifier": "geometry.unknown",
				"texture_width": 128,
				"texture_height": 128,
				"visible_bounds_width": 6,
				"visible_bounds_height": 4,
				"visible_bounds_offset": [0, 1, 0]
			},
			"bones": [
				{
					"name": "bb_main",
					"pivot": [0, 0, 0]
				},
				{
					"name": "bone",
					"pivot": [0, 0, 0],
					"cubes": [
						{
							"origin": [-16, 5, -7],
							"size": [32, 6, 0],
							"uv": {
								"north": {"uv": [32, 27], "uv_size": [-32, 6]},
								"south": {"uv": [32, 27], "uv_size": [-32, 6]}
							}
						},
						{
							"origin": [-16, 5, -7],
							"size": [32, 6, 0],
							"pivot": [0, 8, -8],
							"rotation": [0, 0, -90],
							"uv": {
								"north": {"uv": [32, 27], "uv_size": [-32, 6]},
								"south": {"uv": [32, 27], "uv_size": [-32, 6]}
							}
						},
						{
							"origin": [-16, 5, 7],
							"size": [32, 6, 0],
							"uv": {
								"north": {"uv": [32, 27], "uv_size": [-32, 6]},
								"south": {"uv": [32, 27], "uv_size": [-32, 6]}
							}
						},
						{
							"origin": [-16, 5, 7],
							"size": [32, 6, 0],
							"pivot": [0, 8, 6],
							"rotation": [0, 0, -90],
							"uv": {
								"north": {"uv": [32, 27], "uv_size": [-32, 6]},
								"south": {"uv": [32, 27], "uv_size": [-32, 6]}
							}
						}
					]
				},
				{
					"name": "base",
					"parent": "bone",
					"pivot": [0, 0, 0],
					"rotation": [0, -90, 0],
					"cubes": [
						{
							"origin": [-8, -1.94113, -24],
							"size": [16, 19.88225, 8],
							"pivot": [0, 8, 0],
							"rotation": [-45, 0, 0],
							"uv": {
								"north": {"uv": [40, 0], "uv_size": [-16, 18.88225]},
								"east": {"uv": [16, 0], "uv_size": [8, 18.88225]},
								"south": {"uv": [16, 0], "uv_size": [-16, 18.88225]},
								"west": {"uv": [24, 0], "uv_size": [-8, 18.88225]}
							}
						},
						{
							"origin": [-8, -1.94113, -24],
							"size": [16, 19.88225, 8],
							"uv": {
								"north": {"uv": [16, 0], "uv_size": [-16, 18.88225]},
								"east": {"uv": [16, 0], "uv_size": [8, 18.88225]},
								"south": {"uv": [16, 0], "uv_size": [-16, 18.88225]},
								"west": {"uv": [24, 0], "uv_size": [-8, 18.88225]}
							}
						},
						{
							"origin": [-8, -1.94113, 16],
							"size": [16, 19.88225, 8],
							"pivot": [0, 8, 0],
							"rotation": [-45, 0, 0],
							"uv": {
								"north": {"uv": [16, 0], "uv_size": [-16, 18.88225]},
								"east": {"uv": [24, 0], "uv_size": [-8, 18.88225]},
								"south": {"uv": [40, 0], "uv_size": [-16, 18.88225]},
								"west": {"uv": [24, 0], "uv_size": [-8, 18.88225]}
							}
						},
						{
							"origin": [-8, -1.94113, 16],
							"size": [16, 19.88225, 8],
							"uv": {
								"north": {"uv": [16, 0], "uv_size": [-16, 18.88225]},
								"east": {"uv": [24, 0], "uv_size": [-8, 18.88225]},
								"south": {"uv": [16, 0], "uv_size": [-16, 18.88225]},
								"west": {"uv": [16, 0], "uv_size": [8, 18.88225]}
							}
						},
						{
							"origin": [-8, -16, -9.94113],
							"size": [16, 8, 19.88225],
							"pivot": [0, 8, 0],
							"rotation": [-45, 0, 0],
							"uv": {
								"east": {"uv": [19.88225, 27], "uv_size": [-19.88225, -8]},
								"west": {"uv": [19.88225, 27], "uv_size": [-19.88225, -8]},
								"up": {"uv": [16, 0], "uv_size": [-16, 18.88225]},
								"down": {"uv": [40, 18.88225], "uv_size": [-16, -18.88225]}
							}
						},
						{
							"origin": [-8, -16, -9.94113],
							"size": [16, 8, 19.88225],
							"uv": {
								"east": {"uv": [19.88225, 27], "uv_size": [-19.88225, -8]},
								"west": {"uv": [19.88225, 27], "uv_size": [-19.88225, -8]},
								"up": {"uv": [16, 0], "uv_size": [-16, 18.88225]},
								"down": {"uv": [16, 18.88225], "uv_size": [-16, -18.88225]}
							}
						},
						{
							"origin": [-8, 24, -9.94113],
							"size": [16, 8, 19.88225],
							"pivot": [0, 8, 0],
							"rotation": [-45, 0, 0],
							"uv": {
								"east": {"uv": [19.88225, 19], "uv_size": [-19.88225, 8]},
								"west": {"uv": [19.88225, 19], "uv_size": [-19.88225, 8]},
								"up": {"uv": [40, 0], "uv_size": [-16, 18.88225]},
								"down": {"uv": [16, 18.88225], "uv_size": [-16, -18.88225]}
							}
						},
						{
							"origin": [-8, 24, -9.94113],
							"size": [16, 8, 19.88225],
							"uv": {
								"east": {"uv": [19.88225, 19], "uv_size": [-19.88225, 8]},
								"west": {"uv": [19.88225, 19], "uv_size": [-19.88225, 8]},
								"up": {"uv": [16, 0], "uv_size": [-16, 18.88225]},
								"down": {"uv": [16, 18.88225], "uv_size": [-16, -18.88225]}
							}
						}
					]
				},
				{
					"name": "pipes2",
					"parent": "bone",
					"pivot": [0, 8, 0],
					"cubes": [
						{
							"origin": [13, 19.35534, -8],
							"size": [2, 2, 16],
							"pivot": [24, 19.35534, -7],
							"rotation": [0, 0, 45],
							"uv": {
								"east": {"uv": [16, 33], "uv_size": [-16, 2]},
								"west": {"uv": [16, 33], "uv_size": [-16, 2]},
								"up": {"uv": [48, 16], "uv_size": [2, -16]},
								"down": {"uv": [48, 16], "uv_size": [2, -16]}
							}
						},
						{
							"origin": [12.5, 18.35534, -1],
							"size": [8, 3.5, 2],
							"pivot": [24, 19.35534, -7],
							"rotation": [0, 0, 45],
							"uv": {
								"north": {"uv": [46, 23], "uv_size": [-8, -4]},
								"east": {"uv": [49, 19], "uv_size": [-3, 4]},
								"south": {"uv": [46, 23], "uv_size": [-8, -4]},
								"west": {"uv": [49, 19], "uv_size": [-3, 4]},
								"up": {"uv": [38, 23], "uv_size": [8, 3]},
								"down": {"uv": [38, 26], "uv_size": [8, -3]}
							}
						},
						{
							"origin": [18, 19.35534, -8],
							"size": [2, 2, 16],
							"pivot": [24, 19.35534, -7],
							"rotation": [0, 0, 45],
							"uv": {
								"east": {"uv": [16, 33], "uv_size": [-16, 2]},
								"west": {"uv": [16, 33], "uv_size": [-16, 2]},
								"up": {"uv": [50, 16], "uv_size": [2, -16]},
								"down": {"uv": [50, 16], "uv_size": [2, -16]}
							}
						}
					]
				},
				{
					"name": "pipes",
					"parent": "bone",
					"pivot": [0, 8, 0],
					"cubes": [
						{
							"origin": [-15, -5.35534, -8],
							"size": [2, 2, 16],
							"pivot": [-24, -3.35534, -7],
							"rotation": [0, 0, 45],
							"uv": {
								"east": {"uv": [16, 33], "uv_size": [-16, 2]},
								"west": {"uv": [16, 33], "uv_size": [-16, 2]},
								"up": {"uv": [48, 16], "uv_size": [2, -16]},
								"down": {"uv": [48, 16], "uv_size": [2, -16]}
							}
						},
						{
							"origin": [-20.5, -5.85534, -1],
							"size": [8, 3.5, 2],
							"pivot": [-24, -3.35534, -7],
							"rotation": [0, 0, 45],
							"uv": {
								"north": {"uv": [46, 19], "uv_size": [-8, 4]},
								"east": {"uv": [49, 23], "uv_size": [-3, -4]},
								"south": {"uv": [46, 19], "uv_size": [-8, 4]},
								"west": {"uv": [49, 23], "uv_size": [-3, -4]},
								"up": {"uv": [38, 26], "uv_size": [8, -3]},
								"down": {"uv": [38, 23], "uv_size": [8, 3]}
							}
						},
						{
							"origin": [-20, -5.35534, -8],
							"size": [2, 2, 16],
							"pivot": [-24, -3.35534, -7],
							"rotation": [0, 0, 45],
							"uv": {
								"east": {"uv": [16, 33], "uv_size": [-16, 2]},
								"west": {"uv": [16, 33], "uv_size": [-16, 2]},
								"up": {"uv": [48, 16], "uv_size": [2, -16]},
								"down": {"uv": [48, 16], "uv_size": [2, -16]}
							}
						}
					]
				}
			]
		}
	]
}