{
	"credit": "Made with Blockbench",
	"texture_size": [32, 32],
	"textures": {
		"0": "cgm:item/assault_rifle",
		"particle": "cgm:item/assault_rifle"
	},
	"elements": [
		{
			"from": [6.75, 2.3, 13.5],
			"to": [9.25, 4.3, 16.25],
			"rotation": {"angle": 0, "axis": "y", "origin": [0, -0.5, 0]},
			"faces": {
				"north": {"uv": [9.5, 4, 10.75, 5], "texture": "#0"},
				"east": {"uv": [8, 3, 9.5, 4], "texture": "#0"},
				"south": {"uv": [3, 10, 4.25, 11], "texture": "#0"},
				"west": {"uv": [6, 8.5, 7.5, 9.5], "texture": "#0"},
				"up": {"uv": [8.75, 8.5, 7.5, 7], "texture": "#0"},
				"down": {"uv": [4.25, 8.5, 3, 10], "texture": "#0"}
			}
		},
		{
			"from": [7.25, 4.3, 11],
			"to": [8.75, 4.55, 16],
			"rotation": {"angle": 0, "axis": "y", "origin": [0, -0.5, 0]},
			"faces": {
				"north": {"uv": [14, 7, 14.75, 7.25], "texture": "#0"},
				"east": {"uv": [12, 3.5, 14.75, 3.75], "texture": "#0"},
				"south": {"uv": [14, 7.5, 14.75, 7.75], "texture": "#0"},
				"west": {"uv": [12, 4, 14.75, 4.25], "texture": "#0"},
				"up": {"uv": [6.25, 8.25, 5.5, 5.5], "texture": "#0"},
				"down": {"uv": [0.75, 6, 0, 8.75], "texture": "#0"}
			}
		},
		{
			"from": [7.25, 4.3, 8.5],
			"to": [8.75, 4.55, 11],
			"rotation": {"angle": 0, "axis": "y", "origin": [0, -0.5, 0]},
			"faces": {
				"north": {"uv": [8, 14, 8.75, 14.25], "texture": "#0"},
				"east": {"uv": [13.5, 1, 14.75, 1.25], "texture": "#0"},
				"south": {"uv": [9, 14, 9.75, 14.25], "texture": "#0"},
				"west": {"uv": [13.5, 4.5, 14.75, 4.75], "texture": "#0"},
				"up": {"uv": [9.25, 11.75, 8.5, 10.5], "texture": "#0"},
				"down": {"uv": [0.75, 11, 0, 12.25], "texture": "#0"}
			}
		},
		{
			"from": [7.25, 2.3, 16.25],
			"to": [8.75, 4.05, 17.25],
			"rotation": {"angle": 0, "axis": "y", "origin": [0, -0.5, 0]},
			"faces": {
				"north": {"uv": [11, 2.5, 11.75, 3.5], "texture": "#0"},
				"east": {"uv": [7, 12.5, 7.5, 13.5], "texture": "#0"},
				"south": {"uv": [3.5, 11, 4.25, 12], "texture": "#0"},
				"west": {"uv": [12.5, 7.5, 13, 8.5], "texture": "#0"},
				"up": {"uv": [10.75, 13.5, 10, 13], "texture": "#0"},
				"down": {"uv": [13.75, 10.5, 13, 11], "texture": "#0"}
			}
		},
		{
			"from": [7, 1.8, 10.75],
			"to": [9, 2.3, 16.25],
			"rotation": {"angle": 0, "axis": "y", "origin": [0, -0.5, 0]},
			"faces": {
				"north": {"uv": [13.5, 5, 14.5, 5.25], "texture": "#0"},
				"east": {"uv": [12, 2.5, 14.75, 2.75], "texture": "#0"},
				"south": {"uv": [7, 13.5, 8, 13.75], "texture": "#0"},
				"west": {"uv": [12, 3, 14.75, 3.25], "texture": "#0"},
				"up": {"uv": [1, 5.75, 0, 3], "texture": "#0"},
				"down": {"uv": [4, 0, 3, 2.75], "texture": "#0"}
			}
		},
		{
			"from": [7.251, 1.55, 15.5],
			"to": [8.751, 2.3, 17.25],
			"rotation": {"angle": -22.5, "axis": "x", "origin": [8, 2.05, 15.875]},
			"faces": {
				"north": {"uv": [11, 13, 11.75, 13.5], "texture": "#0"},
				"east": {"uv": [12, 12.5, 13, 13], "texture": "#0"},
				"south": {"uv": [13, 11, 13.75, 11.5], "texture": "#0"},
				"west": {"uv": [13, 0, 14, 0.5], "texture": "#0"},
				"up": {"uv": [11.75, 4.5, 11, 3.5], "texture": "#0"},
				"down": {"uv": [5.25, 11, 4.5, 12], "texture": "#0"}
			}
		},
		{
			"from": [7.5, 0.8, 13.5],
			"to": [8.5, 1.05, 15],
			"rotation": {"angle": 0, "axis": "y", "origin": [0, -0.5, 0]},
			"faces": {
				"north": {"uv": [13.5, 14, 14, 14.25], "texture": "#0"},
				"east": {"uv": [13.5, 11.5, 14.5, 11.75], "texture": "#0"},
				"south": {"uv": [14, 13.5, 14.5, 13.75], "texture": "#0"},
				"west": {"uv": [13.5, 12, 14.5, 12.25], "texture": "#0"},
				"up": {"uv": [13.5, 9.5, 13, 8.5], "texture": "#0"},
				"down": {"uv": [9.5, 13, 9, 14], "texture": "#0"}
			}
		},
		{
			"from": [7.5, 1.3, 5.75],
			"to": [8.5, 1.8, 11.5],
			"rotation": {"angle": 0, "axis": "y", "origin": [0, -0.5, 0]},
			"faces": {
				"north": {"uv": [10, 14, 10.5, 14.25], "texture": "#0"},
				"east": {"uv": [11.5, 2, 14.5, 2.25], "texture": "#0"},
				"south": {"uv": [14, 10, 14.5, 10.25], "texture": "#0"},
				"west": {"uv": [1.5, 12, 4.5, 12.25], "texture": "#0"},
				"up": {"uv": [7.5, 12.5, 7, 9.5], "texture": "#0"},
				"down": {"uv": [10, 8.5, 9.5, 11.5], "texture": "#0"}
			}
		},
		{
			"from": [7.5, 1.8, 6],
			"to": [8.5, 2.55, 7],
			"rotation": {"angle": 0, "axis": "y", "origin": [0, -0.5, 0]},
			"faces": {
				"north": {"uv": [12.5, 14, 13, 14.25], "texture": "#0"},
				"east": {"uv": [14, 12.5, 14.5, 12.75], "texture": "#0"},
				"south": {"uv": [13, 14, 13.5, 14.25], "texture": "#0"},
				"west": {"uv": [14, 13, 14.5, 13.25], "texture": "#0"},
				"up": {"uv": [8.5, 14, 8, 13.5], "texture": "#0"},
				"down": {"uv": [14, 9, 13.5, 9.5], "texture": "#0"}
			}
		},
		{
			"from": [7, 2.3, 7.75],
			"to": [9, 4.3, 11.5],
			"rotation": {"angle": 0, "axis": "y", "origin": [0, -0.5, 0]},
			"faces": {
				"north": {"uv": [1, 10, 2, 11], "texture": "#0"},
				"east": {"uv": [5, 2, 7, 3], "texture": "#0"},
				"south": {"uv": [4.5, 10, 5.5, 11], "texture": "#0"},
				"west": {"uv": [6, 3, 8, 4], "texture": "#0"},
				"up": {"uv": [7.5, 2, 6.5, 0], "texture": "#0"},
				"down": {"uv": [2, 6.5, 1, 8.5], "texture": "#0"}
			}
		},
		{
			"from": [7, 2.55, 4.05],
			"to": [9, 4.55, 7.5],
			"rotation": {"angle": 0, "axis": "y", "origin": [0, -0.5, 0]},
			"faces": {
				"north": {"uv": [0, 2, 1, 3], "texture": "#0"},
				"east": {"uv": [0, 0, 1.75, 1], "texture": "#0"},
				"south": {"uv": [2, 2, 3, 3], "texture": "#0"},
				"west": {"uv": [0, 1, 1.75, 2], "texture": "#0"},
				"up": {"uv": [3, 1.75, 2, 0], "texture": "#0"},
				"down": {"uv": [2, 2, 1, 3.75], "texture": "#0"}
			}
		},
		{
			"from": [7.5, 3.3, 3.25],
			"to": [8.5, 4.3, 4.25],
			"rotation": {"angle": 0, "axis": "y", "origin": [0, -0.5, 0]},
			"faces": {
				"north": {"uv": [13.5, 9.5, 14, 10], "texture": "#0"},
				"east": {"uv": [10, 13.5, 10.5, 14], "texture": "#0"},
				"south": {"uv": [13.5, 10, 14, 10.5], "texture": "#0"},
				"west": {"uv": [10.5, 13.5, 11, 14], "texture": "#0"},
				"up": {"uv": [11.5, 14, 11, 13.5], "texture": "#0"},
				"down": {"uv": [12, 13.5, 11.5, 14], "texture": "#0"}
			}
		},
		{
			"from": [7.75, 2.8, 3.75],
			"to": [8.25, 3.55, 4.25],
			"rotation": {"angle": 0, "axis": "y", "origin": [0, -0.5, 0]},
			"faces": {
				"north": {"uv": [14.5, 5, 14.75, 5.5], "texture": "#0"},
				"east": {"uv": [0, 14, 0.5, 14.5], "texture": "#0"},
				"south": {"uv": [14.5, 5.5, 14.75, 6], "texture": "#0"},
				"west": {"uv": [14, 0, 14.5, 0.5], "texture": "#0"},
				"up": {"uv": [14.75, 6.5, 14.5, 6], "texture": "#0"},
				"down": {"uv": [7.25, 14.5, 7, 15], "texture": "#0"}
			}
		},
		{
			"from": [7.25, 3.05, 3],
			"to": [8.75, 4.55, 3.5],
			"rotation": {"angle": 0, "axis": "y", "origin": [0, -0.5, 0]},
			"faces": {
				"north": {"uv": [12, 11.5, 12.75, 12.25], "texture": "#0"},
				"east": {"uv": [5.5, 14, 5.75, 14.75], "texture": "#0"},
				"south": {"uv": [0, 12.5, 0.75, 13.25], "texture": "#0"},
				"west": {"uv": [14, 5.5, 14.25, 6.25], "texture": "#0"},
				"up": {"uv": [14.75, 6.75, 14, 6.5], "texture": "#0"},
				"down": {"uv": [7.75, 14, 7, 14.25], "texture": "#0"}
			}
		},
		{
			"from": [7.25, 2.8, 7.5],
			"to": [8.75, 4.3, 7.75],
			"rotation": {"angle": 0, "axis": "y", "origin": [0, -0.5, 0]},
			"faces": {
				"north": {"uv": [12, 10.5, 12.75, 11.25], "texture": "#0"},
				"east": {"uv": [0.5, 14, 0.75, 14.75], "texture": "#0"},
				"south": {"uv": [11, 12, 11.75, 12.75], "texture": "#0"},
				"west": {"uv": [3, 14, 3.25, 14.75], "texture": "#0"},
				"up": {"uv": [14.75, 1.75, 14, 1.5], "texture": "#0"},
				"down": {"uv": [4.25, 14, 3.5, 14.25], "texture": "#0"}
			}
		},
		{
			"from": [7.75, 0.8, 7.75],
			"to": [8.25, 1.8, 11.5],
			"rotation": {"angle": 0, "axis": "y", "origin": [0, -0.5, 0]},
			"faces": {
				"north": {"uv": [14, 9, 14.25, 9.5], "texture": "#0"},
				"east": {"uv": [10, 5, 12, 5.5], "texture": "#0"},
				"south": {"uv": [14, 9.5, 14.25, 10], "texture": "#0"},
				"west": {"uv": [10, 5.5, 12, 6], "texture": "#0"},
				"up": {"uv": [12.75, 2, 12.5, 0], "texture": "#0"},
				"down": {"uv": [1.25, 12.5, 1, 14.5], "texture": "#0"}
			}
		},
		{
			"from": [7, 2.3, 4.25],
			"to": [9, 4.8, 5.25],
			"rotation": {"angle": 0, "axis": "y", "origin": [0, -0.5, 0]},
			"faces": {
				"north": {"uv": [1, 8.5, 2, 10], "texture": "#0"},
				"east": {"uv": [6, 4, 6.5, 5.5], "texture": "#0"},
				"south": {"uv": [7.5, 8.5, 8.5, 10], "texture": "#0"},
				"west": {"uv": [1, 11, 1.5, 12.5], "texture": "#0"},
				"up": {"uv": [5, 3, 4, 2.5], "texture": "#0"},
				"down": {"uv": [7.5, 8, 6.5, 8.5], "texture": "#0"}
			}
		},
		{
			"from": [7.75, 4.3, 15.25],
			"to": [8.25, 4.8, 16.25],
			"rotation": {"angle": 0, "axis": "y", "origin": [0, -0.5, 0]},
			"faces": {
				"north": {"uv": [0.5, 15, 0.75, 15.25], "texture": "#0"},
				"east": {"uv": [2.5, 14.5, 3, 14.75], "texture": "#0"},
				"south": {"uv": [15, 0.5, 15.25, 0.75], "texture": "#0"},
				"west": {"uv": [3.5, 14.5, 4, 14.75], "texture": "#0"},
				"up": {"uv": [4.25, 15, 4, 14.5], "texture": "#0"},
				"down": {"uv": [4.75, 14.5, 4.5, 15], "texture": "#0"}
			}
		},
		{
			"from": [7.5, 4.8, 4.25],
			"to": [8.5, 5.05, 5.25],
			"rotation": {"angle": 0, "axis": "y", "origin": [0, -0.5, 0]},
			"faces": {
				"north": {"uv": [14, 14, 14.5, 14.25], "texture": "#0"},
				"east": {"uv": [0, 14.5, 0.5, 14.75], "texture": "#0"},
				"south": {"uv": [14.5, 0, 15, 0.25], "texture": "#0"},
				"west": {"uv": [14.5, 0.5, 15, 0.75], "texture": "#0"},
				"up": {"uv": [14, 13, 13.5, 12.5], "texture": "#0"},
				"down": {"uv": [13.5, 13.5, 13, 14], "texture": "#0"}
			}
		},
		{
			"from": [7.925, 5.05, 4.5],
			"to": [8.075, 5.35, 5],
			"rotation": {"angle": 0, "axis": "y", "origin": [0, -0.5, 0]},
			"faces": {
				"north": {"uv": [14.5, 9, 14.75, 9.25], "texture": "#0"},
				"east": {"uv": [9.5, 14.5, 9.75, 14.75], "texture": "#0"},
				"south": {"uv": [14.5, 9.5, 14.75, 9.75], "texture": "#0"},
				"west": {"uv": [10, 14.5, 10.25, 14.75], "texture": "#0"},
				"up": {"uv": [14.75, 10.25, 14.5, 10], "texture": "#0"},
				"down": {"uv": [10.75, 14.5, 10.5, 14.75], "texture": "#0"}
			}
		},
		{
			"from": [7.6, 5.05, 15.5],
			"to": [7.85, 5.45, 16],
			"rotation": {"angle": 0, "axis": "y", "origin": [0, -0.5, 0]},
			"faces": {
				"north": {"uv": [14.5, 13.5, 14.75, 13.75], "texture": "#0"},
				"east": {"uv": [14, 14.5, 14.25, 14.75], "texture": "#0"},
				"south": {"uv": [14.5, 14, 14.75, 14.25], "texture": "#0"},
				"west": {"uv": [14.5, 14.5, 14.75, 14.75], "texture": "#0"},
				"up": {"uv": [0.25, 15.25, 0, 15], "texture": "#0"},
				"down": {"uv": [15.25, 0, 15, 0.25], "texture": "#0"}
			}
		},
		{
			"from": [8.15, 5.05, 15.5],
			"to": [8.4, 5.45, 16],
			"rotation": {"angle": 0, "axis": "y", "origin": [0, -0.5, 0]},
			"faces": {
				"north": {"uv": [14.5, 12, 14.75, 12.25], "texture": "#0"},
				"east": {"uv": [12.5, 14.5, 12.75, 14.75], "texture": "#0"},
				"south": {"uv": [14.5, 12.5, 14.75, 12.75], "texture": "#0"},
				"west": {"uv": [13, 14.5, 13.25, 14.75], "texture": "#0"},
				"up": {"uv": [14.75, 13.25, 14.5, 13], "texture": "#0"},
				"down": {"uv": [13.75, 14.5, 13.5, 14.75], "texture": "#0"}
			}
		},
		{
			"from": [7.5, 4.8, 15.25],
			"to": [8.5, 5.05, 16.25],
			"rotation": {"angle": 0, "axis": "y", "origin": [0, -0.5, 0]},
			"faces": {
				"north": {"uv": [1, 14.5, 1.5, 14.75], "texture": "#0"},
				"east": {"uv": [1.5, 14.5, 2, 14.75], "texture": "#0"},
				"south": {"uv": [2, 14.5, 2.5, 14.75], "texture": "#0"},
				"west": {"uv": [14.5, 2, 15, 2.25], "texture": "#0"},
				"up": {"uv": [14, 13.5, 13.5, 13], "texture": "#0"},
				"down": {"uv": [14, 13.5, 13.5, 14], "texture": "#0"}
			}
		},
		{
			"from": [9, 2.55, 4.25],
			"to": [9.25, 4.55, 5.25],
			"rotation": {"angle": 0, "axis": "y", "origin": [0, -0.5, 0]},
			"faces": {
				"north": {"uv": [5, 13.5, 5.25, 14.75], "texture": "#0"},
				"east": {"uv": [6.5, 12, 7, 13.25], "texture": "#0"},
				"south": {"uv": [6, 13.5, 6.25, 14.75], "texture": "#0"},
				"west": {"uv": [12, 7, 12.5, 8.25], "texture": "#0"},
				"up": {"uv": [11.25, 14.5, 11, 14], "texture": "#0"},
				"down": {"uv": [14.25, 11, 14, 11.5], "texture": "#0"}
			}
		},
		{
			"from": [6.75, 2.55, 4.25],
			"to": [7, 4.55, 5.25],
			"rotation": {"angle": 0, "axis": "y", "origin": [0, -0.5, 0]},
			"faces": {
				"north": {"uv": [6.5, 13.5, 6.75, 14.75], "texture": "#0"},
				"east": {"uv": [7.5, 12, 8, 13.25], "texture": "#0"},
				"south": {"uv": [13.5, 6.5, 13.75, 7.75], "texture": "#0"},
				"west": {"uv": [8, 12, 8.5, 13.25], "texture": "#0"},
				"up": {"uv": [11.75, 14.5, 11.5, 14], "texture": "#0"},
				"down": {"uv": [12.25, 14, 12, 14.5], "texture": "#0"}
			}
		},
		{
			"from": [6.75, 1.55, 8],
			"to": [9.25, 3.8, 11.25],
			"rotation": {"angle": 0, "axis": "y", "origin": [0, -0.5, 0.5]},
			"faces": {
				"north": {"uv": [4.5, 8.5, 5.75, 9.75], "texture": "#0"},
				"east": {"uv": [2, 4, 3.75, 5.25], "texture": "#0"},
				"south": {"uv": [8.5, 5, 9.75, 6.25], "texture": "#0"},
				"west": {"uv": [4, 4, 5.75, 5.25], "texture": "#0"},
				"up": {"uv": [6.25, 1.75, 5, 0], "texture": "#0"},
				"down": {"uv": [3.25, 5.5, 2, 7.25], "texture": "#0"}
			}
		},
		{
			"from": [3.47, 0.874, 8.719],
			"to": [4.39, 2.414, 10.479],
			"rotation": {"angle": -45, "axis": "z", "origin": [4.45, -0.066, 9.71]},
			"faces": {
				"north": {"uv": [9.5, 13, 10, 13.75], "texture": "#0"},
				"east": {"uv": [1.5, 11, 2.5, 11.75], "texture": "#0"},
				"south": {"uv": [13, 9.5, 13.5, 10.25], "texture": "#0"},
				"west": {"uv": [2.5, 11, 3.5, 11.75], "texture": "#0"},
				"up": {"uv": [3.5, 8.5, 3, 7.5], "texture": "#0"},
				"down": {"uv": [2, 12.5, 1.5, 13.5], "texture": "#0"}
			}
		},
		{
			"from": [3.82, 2.174, 8.97],
			"to": [4.7, 3.464, 10.23],
			"rotation": {"angle": -45, "axis": "z", "origin": [4.7, -0.066, 9.71]},
			"faces": {
				"north": {"uv": [1.5, 13.5, 2, 14.25], "texture": "#0"},
				"east": {"uv": [12, 9.5, 12.75, 10.25], "texture": "#0"},
				"south": {"uv": [2, 13.5, 2.5, 14.25], "texture": "#0"},
				"west": {"uv": [10, 12, 10.75, 12.75], "texture": "#0"},
				"up": {"uv": [3, 14.25, 2.5, 13.5], "texture": "#0"},
				"down": {"uv": [5, 13.5, 4.5, 14.25], "texture": "#0"}
			}
		},
		{
			"from": [3.70116, -0.19258, 8.722],
			"to": [4.58116, 1.25742, 10.482],
			"rotation": {"angle": 45, "axis": "z", "origin": [5.46116, 1.56742, 9.6]},
			"faces": {
				"north": {"uv": [13, 11.5, 13.5, 12.25], "texture": "#0"},
				"east": {"uv": [6, 11, 7, 11.75], "texture": "#0"},
				"south": {"uv": [12, 13, 12.5, 13.75], "texture": "#0"},
				"west": {"uv": [10, 11, 11, 11.75], "texture": "#0"},
				"up": {"uv": [13.5, 1.5, 13, 0.5], "texture": "#0"},
				"down": {"uv": [3.5, 13, 3, 14], "texture": "#0"}
			}
		},
		{
			"from": [4.44338, 0.14763, 8.72],
			"to": [7.57338, 1.24763, 10.48],
			"rotation": {"angle": 0, "axis": "z", "origin": [6.92189, 0.71182, 9.6]},
			"faces": {
				"north": {"uv": [10.5, 7.5, 12, 8], "texture": "#0"},
				"east": {"uv": [13, 5.5, 14, 6], "texture": "#0"},
				"south": {"uv": [11, 4.5, 12.5, 5], "texture": "#0"},
				"west": {"uv": [13, 6, 14, 6.5], "texture": "#0"},
				"up": {"uv": [10.5, 3, 9, 2], "texture": "#0"},
				"down": {"uv": [11, 3, 9.5, 4], "texture": "#0"}
			}
		},
		{
			"from": [5.44338, -0.6024, 8.721],
			"to": [6.57338, 2.3976, 10.481],
			"rotation": {"angle": 0, "axis": "z", "origin": [6.92189, 0.71182, 9.6]},
			"faces": {
				"north": {"uv": [11.5, 6, 12, 7.5], "texture": "#0"},
				"east": {"uv": [2, 9.5, 3, 11], "texture": "#0"},
				"south": {"uv": [9.5, 11.5, 10, 13], "texture": "#0"},
				"west": {"uv": [6, 9.5, 7, 11], "texture": "#0"},
				"up": {"uv": [6, 14, 5.5, 13], "texture": "#0"},
				"down": {"uv": [13.5, 6.5, 13, 7.5], "texture": "#0"}
			}
		},
		{
			"from": [5.44338, -0.8524, 8.7214],
			"to": [6.52338, -0.5524, 10.4814],
			"rotation": {"angle": 0, "axis": "z", "origin": [6.92189, 0.71182, 9.1]},
			"faces": {
				"north": {"uv": [10.5, 14, 11, 14.25], "texture": "#0"},
				"east": {"uv": [13.5, 8, 14.5, 8.25], "texture": "#0"},
				"south": {"uv": [14, 10.5, 14.5, 10.75], "texture": "#0"},
				"west": {"uv": [13.5, 8.5, 14.5, 8.75], "texture": "#0"},
				"up": {"uv": [13.5, 8.5, 13, 7.5], "texture": "#0"},
				"down": {"uv": [9, 13, 8.5, 14], "texture": "#0"}
			}
		},
		{
			"from": [5.45234, -0.12864, 8.723],
			"to": [6.99234, 0.75136, 10.483],
			"rotation": {"angle": 45, "axis": "z", "origin": [6.92189, 0.71182, 9.6]},
			"faces": {
				"north": {"uv": [0, 13.5, 0.75, 14], "texture": "#0"},
				"east": {"uv": [13, 1.5, 14, 2], "texture": "#0"},
				"south": {"uv": [13.5, 0.5, 14.25, 1], "texture": "#0"},
				"west": {"uv": [4.5, 13, 5.5, 13.5], "texture": "#0"},
				"up": {"uv": [12.25, 1, 11.5, 0], "texture": "#0"},
				"down": {"uv": [12.25, 1, 11.5, 2], "texture": "#0"}
			}
		},
		{
			"from": [6.99234, 0.68, 8.7198],
			"to": [7.87234, 2.22, 10.4798],
			"rotation": {"angle": 45, "axis": "z", "origin": [6.92189, 0.71182, 9.6]},
			"faces": {
				"north": {"uv": [12.5, 13, 13, 13.75], "texture": "#0"},
				"east": {"uv": [11, 10, 12, 10.75], "texture": "#0"},
				"south": {"uv": [13, 12.5, 13.5, 13.25], "texture": "#0"},
				"west": {"uv": [11, 11, 12, 11.75], "texture": "#0"},
				"up": {"uv": [4, 14, 3.5, 13], "texture": "#0"},
				"down": {"uv": [4.5, 13, 4, 14], "texture": "#0"}
			}
		},
		{
			"from": [6.36244, 2.11954, 8.5],
			"to": [7.36244, 3.11954, 10.75],
			"rotation": {"angle": 0, "axis": "z", "origin": [6.23744, 2.11954, 9.875]},
			"faces": {
				"north": {"uv": [8.5, 6.5, 9, 7], "texture": "#0"},
				"east": {"uv": [4.5, 12, 5.75, 12.5], "texture": "#0"},
				"south": {"uv": [10.5, 2.5, 11, 3], "texture": "#0"},
				"west": {"uv": [12, 5, 13.25, 5.5], "texture": "#0"},
				"up": {"uv": [12.5, 6.75, 12, 5.5], "texture": "#0"},
				"down": {"uv": [6.5, 12, 6, 13.25], "texture": "#0"}
			}
		},
		{
			"from": [7.25, -1.45, 14.45],
			"to": [8.75, 2.55, 15.95],
			"rotation": {"angle": -22.5, "axis": "x", "origin": [8, 0.8, 15.45]},
			"faces": {
				"north": {"uv": [8.5, 8.5, 9.25, 10.5], "texture": "#0"},
				"east": {"uv": [0, 9, 0.75, 11], "texture": "#0"},
				"south": {"uv": [9, 6.5, 9.75, 8.5], "texture": "#0"},
				"west": {"uv": [9.5, 0, 10.25, 2], "texture": "#0"},
				"up": {"uv": [9.25, 12.75, 8.5, 12], "texture": "#0"},
				"down": {"uv": [12.75, 8.5, 12, 9.25], "texture": "#0"}
			}
		},
		{
			"from": [7.75, 1.3, 13.95],
			"to": [8.25, 1.8, 14.2],
			"rotation": {"angle": 0, "axis": "y", "origin": [0, -0.25, -0.25]},
			"faces": {
				"north": {"uv": [7.5, 14.5, 7.75, 14.75], "texture": "#0"},
				"east": {"uv": [8, 14.5, 8.25, 14.75], "texture": "#0"},
				"south": {"uv": [14.5, 8, 14.75, 8.25], "texture": "#0"},
				"west": {"uv": [8.5, 14.5, 8.75, 14.75], "texture": "#0"},
				"up": {"uv": [14.75, 8.75, 14.5, 8.5], "texture": "#0"},
				"down": {"uv": [9.25, 14.5, 9, 14.75], "texture": "#0"}
			}
		},
		{
			"from": [7.5, 0.75, 11.5],
			"to": [8.5, 4.75, 13.5],
			"rotation": {"angle": -22.5, "axis": "z", "origin": [8, 2.75, 12.5]},
			"faces": {
				"north": {"uv": [5.5, 10, 6, 12], "texture": "#0"},
				"east": {"uv": [6.5, 4, 7.5, 6], "texture": "#0"},
				"south": {"uv": [10, 6, 10.5, 8], "texture": "#0"},
				"west": {"uv": [6.5, 6, 7.5, 8], "texture": "#0"},
				"up": {"uv": [2.5, 13.5, 2, 12.5], "texture": "#0"},
				"down": {"uv": [3, 12.5, 2.5, 13.5], "texture": "#0"}
			}
		},
		{
			"from": [6, 2.25, 11.5],
			"to": [10, 3.25, 13.5],
			"rotation": {"angle": 22.5, "axis": "z", "origin": [8, 2.75, 12.5]},
			"faces": {
				"north": {"uv": [10, 8, 12, 8.5], "texture": "#0"},
				"east": {"uv": [3, 12.5, 4, 13], "texture": "#0"},
				"south": {"uv": [10, 8.5, 12, 9], "texture": "#0"},
				"west": {"uv": [4, 12.5, 5, 13], "texture": "#0"},
				"up": {"uv": [9, 3, 7, 2], "texture": "#0"},
				"down": {"uv": [9.5, 0, 7.5, 1], "texture": "#0"}
			}
		},
		{
			"from": [6, 2.25, 11.5],
			"to": [10, 3.25, 13.5],
			"rotation": {"angle": -22.5, "axis": "z", "origin": [8, 2.75, 12.5]},
			"faces": {
				"north": {"uv": [10, 9, 12, 9.5], "texture": "#0"},
				"east": {"uv": [12.5, 4.5, 13.5, 5], "texture": "#0"},
				"south": {"uv": [10, 9.5, 12, 10], "texture": "#0"},
				"west": {"uv": [5, 12.5, 6, 13], "texture": "#0"},
				"up": {"uv": [9.5, 2, 7.5, 1], "texture": "#0"},
				"down": {"uv": [9.5, 4, 7.5, 5], "texture": "#0"}
			}
		},
		{
			"from": [7.5, 0.75, 11.5],
			"to": [8.5, 4.75, 13.5],
			"rotation": {"angle": 22.5, "axis": "z", "origin": [8, 2.75, 12.5]},
			"faces": {
				"north": {"uv": [7.5, 10, 8, 12], "texture": "#0"},
				"east": {"uv": [2, 7.5, 3, 9.5], "texture": "#0"},
				"south": {"uv": [8, 10, 8.5, 12], "texture": "#0"},
				"west": {"uv": [7.5, 5, 8.5, 7], "texture": "#0"},
				"up": {"uv": [13, 6.5, 12.5, 5.5], "texture": "#0"},
				"down": {"uv": [13, 6.5, 12.5, 7.5], "texture": "#0"}
			}
		}
	],
	"groups": [
		{
			"name": "bone",
			"origin": [0, 0, 0],
			"color": 0,
			"children": [0, 1, 2, 3, 4, 5, 6, 7, 8, 9, 10, 11, 12, 13, 14, 15, 16, 17, 18, 19, 20, 21, 22, 23, 24, 25]
		},
		{
			"name": "group",
			"origin": [8, 2.75, 11.75],
			"color": 0,
			"children": [26, 27, 28, 29, 30, 31, 32, 33, 34, 35, 36, 37, 38, 39, 40]
		}
	]
}