{
	"credit": "Made with Blockbench",
	"texture_size": [64, 64],
	"textures": {
		"0": "cgm:item/missile_launcher",
		"particle": "cgm:item/missile_launcher"
	},
	"elements": [
		{
			"from": [7.26, -0.45233, 7.80233],
			"to": [8.74, 3.54767, 9.27733],
			"rotation": {"angle": -22.5, "axis": "x", "origin": [8, 4.24767, 9.50233]},
			"faces": {
				"north": {"uv": [7.5, 0.75, 7.875, 1.75], "texture": "#0"},
				"east": {"uv": [1.25, 7.5, 1.625, 8.5], "texture": "#0"},
				"south": {"uv": [1.75, 7.5, 2.125, 8.5], "texture": "#0"},
				"west": {"uv": [7.5, 1.75, 7.875, 2.75], "texture": "#0"},
				"up": {"uv": [8.875, 1.875, 8.5, 1.5], "texture": "#0"},
				"down": {"uv": [8.875, 2, 8.5, 2.375], "texture": "#0"}
			}
		},
		{
			"from": [7.51, 0.98486, 8.90884],
			"to": [8.49, 4.53486, 9.95884],
			"rotation": {"angle": 45, "axis": "x", "origin": [8, 1.38486, 9.64634]},
			"faces": {
				"north": {"uv": [4.25, 8.25, 4.5, 9.125], "texture": "#0"},
				"east": {"uv": [4.5, 8.25, 4.75, 9.125], "texture": "#0"},
				"south": {"uv": [5.25, 8.25, 5.5, 9.125], "texture": "#0"},
				"west": {"uv": [5.5, 8.25, 5.75, 9.125], "texture": "#0"},
				"up": {"uv": [6, 3.5, 5.75, 3.25], "texture": "#0"},
				"down": {"uv": [4.75, 6.75, 4.5, 7], "texture": "#0"}
			}
		},
		{
			"from": [7.535, 2.34736, 12.14634],
			"to": [8.465, 3.42236, 14.89634],
			"rotation": {"angle": 0, "axis": "x", "origin": [8, 1.38486, 9.64634]},
			"faces": {
				"north": {"uv": [1.25, 7.25, 1.5, 7.5], "texture": "#0"},
				"east": {"uv": [6, 5, 6.75, 5.25], "texture": "#0"},
				"south": {"uv": [8.75, 8.75, 9, 9], "texture": "#0"},
				"west": {"uv": [8.25, 3.25, 9, 3.5], "texture": "#0"},
				"up": {"uv": [3, 4.5, 2.75, 3.75], "texture": "#0"},
				"down": {"uv": [8, 0, 7.75, 0.75], "texture": "#0"}
			}
		},
		{
			"from": [7.385, 2.54736, 6.84634],
			"to": [8.615, 3.42236, 14.79634],
			"rotation": {"angle": 0, "axis": "x", "origin": [8, 1.38486, 9.64634]},
			"faces": {
				"north": {"uv": [0, 9, 0.25, 9.25], "texture": "#0"},
				"east": {"uv": [6.75, 2.75, 8.75, 3], "texture": "#0"},
				"south": {"uv": [9, 0, 9.25, 0.25], "texture": "#0"},
				"west": {"uv": [6.75, 3, 8.75, 3.25], "texture": "#0"},
				"up": {"uv": [2.5, 8.75, 2.25, 6.75], "texture": "#0"},
				"down": {"uv": [2.75, 6.75, 2.5, 8.75], "texture": "#0"}
			}
		},
		{
			"from": [7.435, -0.65233, 7.72733],
			"to": [8.565, 3.54767, 9.40233],
			"rotation": {"angle": -22.5, "axis": "x", "origin": [8, 4.24767, 9.50233]},
			"faces": {
				"north": {"uv": [7, 7.75, 7.25, 8.75], "texture": "#0"},
				"east": {"uv": [3.75, 7.5, 4.125, 8.5], "texture": "#0"},
				"south": {"uv": [7.25, 7.75, 7.5, 8.75], "texture": "#0"},
				"west": {"uv": [7.5, 4, 7.875, 5], "texture": "#0"},
				"up": {"uv": [8.25, 8.875, 8, 8.5], "texture": "#0"},
				"down": {"uv": [8.75, 8, 8.5, 8.375], "texture": "#0"}
			}
		},
		{
			"from": [7.41, -1.20233, 7.52733],
			"to": [8.59, -0.65233, 9.47733],
			"rotation": {"angle": -22.5, "axis": "x", "origin": [8, 4.24767, 9.50233]},
			"faces": {
				"north": {"uv": [4.5, 9.25, 4.75, 9.375], "texture": "#0"},
				"east": {"uv": [9, 0.25, 9.5, 0.375], "texture": "#0"},
				"south": {"uv": [9.25, 5, 9.5, 5.125], "texture": "#0"},
				"west": {"uv": [9, 0.5, 9.5, 0.625], "texture": "#0"},
				"up": {"uv": [1.75, 6.75, 1.5, 6.25], "texture": "#0"},
				"down": {"uv": [2.25, 8.5, 2, 9], "texture": "#0"}
			}
		},
		{
			"from": [7.335, -1.12733, 4.55233],
			"to": [8.665, 2.22267, 5.67733],
			"rotation": {"angle": 0, "axis": "z", "origin": [8, 4.54767, 10.70233]},
			"faces": {
				"north": {"uv": [4.75, 7.5, 5.125, 8.375], "texture": "#0"},
				"east": {"uv": [5.75, 8.25, 6, 9.125], "texture": "#0"},
				"south": {"uv": [7.5, 5, 7.875, 5.875], "texture": "#0"},
				"west": {"uv": [6, 8.25, 6.25, 9.125], "texture": "#0"},
				"up": {"uv": [8.625, 8.75, 8.25, 8.5], "texture": "#0"},
				"down": {"uv": [1.125, 8.75, 0.75, 9], "texture": "#0"}
			}
		},
		{
			"from": [7.485, -1.32733, 4.70233],
			"to": [8.515, 3.12267, 5.52733],
			"rotation": {"angle": 0, "axis": "z", "origin": [8, 4.54767, 10.70233]},
			"faces": {
				"north": {"uv": [2.5, 4.75, 2.75, 5.875], "texture": "#0"},
				"east": {"uv": [6.25, 7.5, 6.5, 8.625], "texture": "#0"},
				"south": {"uv": [6.5, 7.5, 6.75, 8.625], "texture": "#0"},
				"west": {"uv": [6.75, 7.5, 7, 8.625], "texture": "#0"},
				"up": {"uv": [0.5, 9.25, 0.25, 9], "texture": "#0"},
				"down": {"uv": [1, 9, 0.75, 9.25], "texture": "#0"}
			}
		},
		{
			"from": [7.41, -1.77733, 4.52733],
			"to": [8.59, -1.27733, 5.70233],
			"rotation": {"angle": 0, "axis": "z", "origin": [8, 4.54767, 10.70233]},
			"faces": {
				"north": {"uv": [5.25, 9.25, 5.5, 9.375], "texture": "#0"},
				"east": {"uv": [9.25, 5.25, 9.5, 5.375], "texture": "#0"},
				"south": {"uv": [5.5, 9.25, 5.75, 9.375], "texture": "#0"},
				"west": {"uv": [9.25, 5.5, 9.5, 5.625], "texture": "#0"},
				"up": {"uv": [9.25, 1, 9, 0.75], "texture": "#0"},
				"down": {"uv": [1.25, 9, 1, 9.25], "texture": "#0"}
			}
		},
		{
			"from": [7.75, 1.89767, 8.00233],
			"to": [8.25, 2.69767, 8.70233],
			"rotation": {"angle": 0, "axis": "y", "origin": [8, 3.89767, 6.75233]},
			"faces": {
				"north": {"uv": [5.75, 9.25, 5.875, 9.5], "texture": "#0"},
				"east": {"uv": [6, 9.25, 6.125, 9.5], "texture": "#0"},
				"south": {"uv": [7, 9.25, 7.125, 9.5], "texture": "#0"},
				"west": {"uv": [9.25, 7.5, 9.375, 7.75], "texture": "#0"},
				"up": {"uv": [4.625, 9.625, 4.5, 9.5], "texture": "#0"},
				"down": {"uv": [9.625, 4.5, 9.5, 4.625], "texture": "#0"}
			}
		},
		{
			"from": [7.65, 1.69767, 7.70233],
			"to": [8.35, 2.69767, 8.00233],
			"rotation": {"angle": 0, "axis": "y", "origin": [8, 3.89767, 6.75233]},
			"faces": {
				"north": {"uv": [8, 9.25, 8.125, 9.5], "texture": "#0"},
				"east": {"uv": [9.25, 8, 9.375, 8.25], "texture": "#0"},
				"south": {"uv": [9.25, 8.25, 9.375, 8.5], "texture": "#0"},
				"west": {"uv": [9.25, 8.5, 9.375, 8.75], "texture": "#0"},
				"up": {"uv": [4.875, 9.625, 4.75, 9.5], "texture": "#0"},
				"down": {"uv": [9.625, 4.75, 9.5, 4.875], "texture": "#0"}
			}
		},
		{
			"from": [6.00482, 3.74232, 5.20018],
			"to": [6.29982, 5.72732, 5.77518],
			"rotation": {"angle": 0, "axis": "z", "origin": [8, 5.45982, 5.94018]},
			"faces": {
				"north": {"uv": [9, 1.5, 9.125, 2], "texture": "#0"},
				"east": {"uv": [2, 9, 2.125, 9.5], "texture": "#0"},
				"south": {"uv": [9, 2, 9.125, 2.5], "texture": "#0"},
				"west": {"uv": [3, 9, 3.125, 9.5], "texture": "#0"},
				"up": {"uv": [5.125, 9.625, 5, 9.5], "texture": "#0"},
				"down": {"uv": [9.625, 5, 9.5, 5.125], "texture": "#0"}
			}
		},
		{
			"from": [5.27982, 3.94232, 5.40018],
			"to": [5.42482, 5.52732, 5.57518],
			"rotation": {"angle": 0, "axis": "z", "origin": [8, 5.45982, 5.94018]},
			"faces": {
				"north": {"uv": [8.75, 9, 8.875, 9.375], "texture": "#0"},
				"east": {"uv": [9, 9, 9.125, 9.375], "texture": "#0"},
				"south": {"uv": [0, 9.25, 0.125, 9.625], "texture": "#0"},
				"west": {"uv": [0.25, 9.25, 0.375, 9.625], "texture": "#0"},
				"up": {"uv": [5.375, 9.625, 5.25, 9.5], "texture": "#0"},
				"down": {"uv": [9.625, 5.25, 9.5, 5.375], "texture": "#0"}
			}
		},
		{
			"from": [4.97982, 4.74232, 5.48768],
			"to": [5.02482, 4.78732, 5.48768],
			"rotation": {"angle": 0, "axis": "z", "origin": [8, 5.45982, 5.94018]},
			"faces": {
				"north": {"uv": [5.5, 9.5, 5.625, 9.625], "texture": "#0"},
				"east": {"uv": [0, 0, 0, 0.125], "texture": "#0"},
				"south": {"uv": [9.5, 5.5, 9.625, 5.625], "texture": "#0"},
				"west": {"uv": [0, 0, 0, 0.125], "texture": "#0"},
				"up": {"uv": [0.125, 0, 0, 0], "texture": "#0"},
				"down": {"uv": [0.125, 0, 0, 0], "texture": "#0"}
			}
		},
		{
			"from": [4.47982, 3.94232, 5.40018],
			"to": [4.62482, 5.52732, 5.57518],
			"rotation": {"angle": 0, "axis": "z", "origin": [8, 5.45982, 5.94018]},
			"faces": {
				"north": {"uv": [0.75, 9.25, 0.875, 9.625], "texture": "#0"},
				"east": {"uv": [9.25, 0.75, 9.375, 1.125], "texture": "#0"},
				"south": {"uv": [1, 9.25, 1.125, 9.625], "texture": "#0"},
				"west": {"uv": [1.25, 9.25, 1.375, 9.625], "texture": "#0"},
				"up": {"uv": [5.875, 9.625, 5.75, 9.5], "texture": "#0"},
				"down": {"uv": [9.625, 5.75, 9.5, 5.875], "texture": "#0"}
			}
		},
		{
			"from": [3.92, 3.94232, 5.20018],
			"to": [4.165, 5.52732, 5.77518],
			"rotation": {"angle": 0, "axis": "z", "origin": [8, 5.45982, 5.94018]},
			"faces": {
				"north": {"uv": [9.25, 1.25, 9.375, 1.625], "texture": "#0"},
				"east": {"uv": [1.5, 9.25, 1.625, 9.625], "texture": "#0"},
				"south": {"uv": [1.75, 9.25, 1.875, 9.625], "texture": "#0"},
				"west": {"uv": [9.25, 1.75, 9.375, 2.125], "texture": "#0"},
				"up": {"uv": [6.125, 9.625, 6, 9.5], "texture": "#0"},
				"down": {"uv": [6.375, 9.5, 6.25, 9.625], "texture": "#0"}
			}
		},
		{
			"from": [4.07, 5.24232, 5.30018],
			"to": [6.615, 5.42732, 5.67518],
			"rotation": {"angle": 0, "axis": "z", "origin": [8, 5.45982, 5.94018]},
			"faces": {
				"north": {"uv": [8.75, 2.75, 9.375, 2.875], "texture": "#0"},
				"east": {"uv": [9.5, 6.25, 9.625, 6.375], "texture": "#0"},
				"south": {"uv": [3, 8.75, 3.625, 8.875], "texture": "#0"},
				"west": {"uv": [6.5, 9.5, 6.625, 9.625], "texture": "#0"},
				"up": {"uv": [9.375, 3.125, 8.75, 3], "texture": "#0"},
				"down": {"uv": [9.375, 3.75, 8.75, 3.875], "texture": "#0"}
			}
		},
		{
			"from": [4.02, 4.04232, 5.30018],
			"to": [6.565, 4.22732, 5.67518],
			"rotation": {"angle": 0, "axis": "z", "origin": [8, 5.45982, 5.94018]},
			"faces": {
				"north": {"uv": [8.75, 4, 9.375, 4.125], "texture": "#0"},
				"east": {"uv": [9.5, 6.5, 9.625, 6.625], "texture": "#0"},
				"south": {"uv": [8.75, 4.25, 9.375, 4.375], "texture": "#0"},
				"west": {"uv": [6.75, 9.5, 6.875, 9.625], "texture": "#0"},
				"up": {"uv": [9.375, 4.625, 8.75, 4.5], "texture": "#0"},
				"down": {"uv": [9.375, 4.75, 8.75, 4.875], "texture": "#0"}
			}
		},
		{
			"from": [6.7075, 3.51982, 2.05018],
			"to": [9.2925, 6.06482, 2.62518],
			"rotation": {"angle": 0, "axis": "y", "origin": [8, 5.45982, 5.94018]},
			"faces": {
				"north": {"uv": [0.5, 7.25, 1.125, 7.875], "texture": "#0"},
				"east": {"uv": [8.75, 5, 8.875, 5.625], "texture": "#0"},
				"south": {"uv": [7.25, 6.25, 7.875, 6.875], "texture": "#0"},
				"west": {"uv": [6.25, 8.75, 6.375, 9.375], "texture": "#0"},
				"up": {"uv": [9.375, 5.875, 8.75, 5.75], "texture": "#0"},
				"down": {"uv": [7.125, 8.75, 6.5, 8.875], "texture": "#0"}
			}
		},
		{
			"from": [6.5075, 3.31982, -0.62482],
			"to": [9.4925, 6.26482, 2.15018],
			"rotation": {"angle": 0, "axis": "y", "origin": [8, 5.45982, 5.94018]},
			"faces": {
				"north": {"uv": [5.75, 6.25, 6.5, 7], "texture": "#0"},
				"east": {"uv": [0, 6.5, 0.75, 7.25], "texture": "#0"},
				"south": {"uv": [6.5, 6.25, 7.25, 7], "texture": "#0"},
				"west": {"uv": [1.5, 6.75, 2.25, 7.5], "texture": "#0"},
				"up": {"uv": [7.5, 2.75, 6.75, 2], "texture": "#0"},
				"down": {"uv": [4.5, 6.75, 3.75, 7.5], "texture": "#0"}
			}
		},
		{
			"from": [6.9525, 3.63982, 1.99018],
			"to": [9.0475, 5.94982, 14.86018],
			"rotation": {"angle": 0, "axis": "y", "origin": [8, 5.45982, 5.94018]},
			"faces": {
				"north": {"uv": [5.25, 7.5, 5.75, 8.125], "texture": "#0"},
				"east": {"uv": [0, 0, 3.25, 0.625], "texture": "#0"},
				"south": {"uv": [5.75, 7.5, 6.25, 8.125], "texture": "#0"},
				"west": {"uv": [0, 0.75, 3.25, 1.375], "texture": "#0"},
				"up": {"uv": [1.25, 6.25, 0.75, 3], "texture": "#0"},
				"down": {"uv": [1.75, 3, 1.25, 6.25], "texture": "#0"}
			}
		},
		{
			"from": [6.6275, 3.41482, 3.29018],
			"to": [9.3875, 6.17482, 12.18518],
			"rotation": {"angle": 0, "axis": "y", "origin": [8, 5.45982, 5.94018]},
			"faces": {
				"north": {"uv": [6.75, 4, 7.5, 4.75], "texture": "#0"},
				"east": {"uv": [0, 1.5, 2.25, 2.25], "texture": "#0"},
				"south": {"uv": [6.75, 4.75, 7.5, 5.5], "texture": "#0"},
				"west": {"uv": [0, 2.25, 2.25, 3], "texture": "#0"},
				"up": {"uv": [3, 3.75, 2.25, 1.5], "texture": "#0"},
				"down": {"uv": [0.75, 3, 0, 5.25], "texture": "#0"}
			}
		},
		{
			"from": [7.3525, 6.11482, 3.49018],
			"to": [8.6625, 6.57482, 11.78518],
			"rotation": {"angle": 0, "axis": "y", "origin": [8, 5.45982, 5.94018]},
			"faces": {
				"north": {"uv": [9.25, 0, 9.625, 0.125], "texture": "#0"},
				"east": {"uv": [7.5, 6, 9.625, 6.125], "texture": "#0"},
				"south": {"uv": [2.25, 9.25, 2.625, 9.375], "texture": "#0"},
				"west": {"uv": [7, 7.5, 9.125, 7.625], "texture": "#0"},
				"up": {"uv": [4.125, 6.625, 3.75, 4.5], "texture": "#0"},
				"down": {"uv": [4.625, 4.5, 4.25, 6.625], "texture": "#0"}
			}
		},
		{
			"from": [6.2775, 3.71482, 3.79018],
			"to": [6.6375, 5.87482, 11.68518],
			"rotation": {"angle": 0, "axis": "y", "origin": [8, 5.45982, 5.94018]},
			"faces": {
				"north": {"uv": [3.25, 9, 3.375, 9.5], "texture": "#0"},
				"east": {"uv": [3, 1.5, 5, 2], "texture": "#0"},
				"south": {"uv": [9, 3.25, 9.125, 3.75], "texture": "#0"},
				"west": {"uv": [3, 2, 5, 2.5], "texture": "#0"},
				"up": {"uv": [7.625, 9.75, 7.5, 7.75], "texture": "#0"},
				"down": {"uv": [7.875, 7.75, 7.75, 9.75], "texture": "#0"}
			}
		},
		{
			"from": [9.3775, 3.71482, 3.79018],
			"to": [9.7375, 5.87482, 11.68518],
			"rotation": {"angle": 0, "axis": "y", "origin": [8, 5.45982, 5.94018]},
			"faces": {
				"north": {"uv": [9, 8, 9.125, 8.5], "texture": "#0"},
				"east": {"uv": [3, 2.5, 5, 3], "texture": "#0"},
				"south": {"uv": [9, 8.5, 9.125, 9], "texture": "#0"},
				"west": {"uv": [3, 3, 5, 3.5], "texture": "#0"},
				"up": {"uv": [8.125, 2, 8, 0], "texture": "#0"},
				"down": {"uv": [0.625, 8, 0.5, 10], "texture": "#0"}
			}
		},
		{
			"from": [6.6275, 3.41482, 14.64018],
			"to": [9.3875, 6.17482, 18.13518],
			"rotation": {"angle": 0, "axis": "y", "origin": [8, 5.45982, 5.94018]},
			"faces": {
				"north": {"uv": [6.75, 5.5, 7.5, 6.25], "texture": "#0"},
				"east": {"uv": [1.75, 6, 2.625, 6.75], "texture": "#0"},
				"south": {"uv": [7, 0, 7.75, 0.75], "texture": "#0"},
				"west": {"uv": [6, 3.25, 6.875, 4], "texture": "#0"},
				"up": {"uv": [6.75, 4.875, 6, 4], "texture": "#0"},
				"down": {"uv": [7, 0, 6.25, 0.875], "texture": "#0"}
			}
		},
		{
			"from": [6.1275, 2.83982, 14.61518],
			"to": [9.8875, 6.74982, 15.18518],
			"rotation": {"angle": 0, "axis": "y", "origin": [8, 5.45982, 5.94018]},
			"faces": {
				"north": {"uv": [3.25, 0, 4.25, 1], "texture": "#0"},
				"east": {"uv": [3.75, 8.5, 3.875, 9.5], "texture": "#0"},
				"south": {"uv": [3, 3.5, 4, 4.5], "texture": "#0"},
				"west": {"uv": [4, 8.5, 4.125, 9.5], "texture": "#0"},
				"up": {"uv": [9.5, 6.375, 8.5, 6.25], "texture": "#0"},
				"down": {"uv": [9.5, 6.5, 8.5, 6.625], "texture": "#0"}
			}
		},
		{
			"from": [6.1275, 2.83982, 11.66518],
			"to": [9.8875, 6.74982, 12.23518],
			"rotation": {"angle": 0, "axis": "y", "origin": [8, 5.45982, 5.94018]},
			"faces": {
				"north": {"uv": [1.75, 3.75, 2.75, 4.75], "texture": "#0"},
				"east": {"uv": [4.75, 8.5, 4.875, 9.5], "texture": "#0"},
				"south": {"uv": [4, 3.5, 5, 4.5], "texture": "#0"},
				"west": {"uv": [5, 8.5, 5.125, 9.5], "texture": "#0"},
				"up": {"uv": [9.5, 6.875, 8.5, 6.75], "texture": "#0"},
				"down": {"uv": [9.5, 7.75, 8.5, 7.875], "texture": "#0"}
			}
		},
		{
			"from": [6.8775, 2.03982, 11.66518],
			"to": [9.1375, 2.82482, 12.23518],
			"rotation": {"angle": 0, "axis": "y", "origin": [8, 5.45982, 5.94018]},
			"faces": {
				"north": {"uv": [1.25, 8.5, 1.875, 8.75], "texture": "#0"},
				"east": {"uv": [9.5, 4, 9.625, 4.25], "texture": "#0"},
				"south": {"uv": [8.5, 1.25, 9.125, 1.5], "texture": "#0"},
				"west": {"uv": [9.5, 4.25, 9.625, 4.5], "texture": "#0"},
				"up": {"uv": [9.375, 7.125, 8.75, 7], "texture": "#0"},
				"down": {"uv": [9.375, 7.25, 8.75, 7.375], "texture": "#0"}
			}
		},
		{
			"from": [6.3775, 3.16482, 16.49018],
			"to": [9.6375, 6.42482, 19.48518],
			"rotation": {"angle": 0, "axis": "y", "origin": [8, 5.45982, 5.94018]},
			"faces": {
				"north": {"uv": [5.75, 2.25, 6.625, 3.125], "texture": "#0"},
				"east": {"uv": [0.75, 6.25, 1.5, 7.125], "texture": "#0"},
				"south": {"uv": [5.75, 5.25, 6.625, 6.125], "texture": "#0"},
				"west": {"uv": [6.25, 1, 7, 1.875], "texture": "#0"},
				"up": {"uv": [3.625, 7, 2.75, 6.25], "texture": "#0"},
				"down": {"uv": [5.625, 6.25, 4.75, 7], "texture": "#0"}
			}
		},
		{
			"from": [6.2275, 3.01482, 19.29018],
			"to": [9.7875, 6.57482, 20.08518],
			"rotation": {"angle": 0, "axis": "y", "origin": [8, 5.45982, 5.94018]},
			"faces": {
				"north": {"uv": [5, 3.5, 5.875, 4.375], "texture": "#0"},
				"east": {"uv": [8.25, 0, 8.5, 0.875], "texture": "#0"},
				"south": {"uv": [4.75, 5.25, 5.625, 6.125], "texture": "#0"},
				"west": {"uv": [8.25, 1, 8.5, 1.875], "texture": "#0"},
				"up": {"uv": [4.125, 1.25, 3.25, 1], "texture": "#0"},
				"down": {"uv": [3.625, 8.25, 2.75, 8.5], "texture": "#0"}
			}
		},
		{
			"from": [6.2275, 3.01482, -0.20982],
			"to": [9.7875, 6.57482, 0.58518],
			"rotation": {"angle": 0, "axis": "y", "origin": [8, 5.45982, 5.94018]},
			"faces": {
				"north": {"uv": [9.5, 8.25, 10.375, 9.125], "texture": "#0"},
				"east": {"uv": [9.5, 9.25, 9.75, 10.125], "texture": "#0"},
				"south": {"uv": [8.5, 9.5, 9.375, 10.375], "texture": "#0"},
				"west": {"uv": [0, 9.75, 0.25, 10.625], "texture": "#0"},
				"up": {"uv": [10.625, 0.25, 9.75, 0], "texture": "#0"},
				"down": {"uv": [10.625, 0.25, 9.75, 0.5], "texture": "#0"}
			}
		},
		{
			"from": [6.9525, 2.73982, 5.41518],
			"to": [9.0625, 3.64982, 12.18518],
			"rotation": {"angle": 0, "axis": "y", "origin": [8, 5.45982, 10.34018]},
			"faces": {
				"north": {"uv": [6.25, 2, 6.75, 2.25], "texture": "#0"},
				"east": {"uv": [3.25, 1.25, 5, 1.5], "texture": "#0"},
				"south": {"uv": [8.5, 2.5, 9, 2.75], "texture": "#0"},
				"west": {"uv": [7, 3.75, 8.75, 4], "texture": "#0"},
				"up": {"uv": [3.25, 6.25, 2.75, 4.5], "texture": "#0"},
				"down": {"uv": [3.75, 4.5, 3.25, 6.25], "texture": "#0"}
			}
		},
		{
			"from": [7.352, 2.1482, 12.2397],
			"to": [8.648, 6.9322, 14.6033],
			"rotation": {"angle": -22.5, "axis": "z", "origin": [8, 4.5402, 13.8465]},
			"faces": {
				"north": {"uv": [3.25, 7, 3.625, 8.25], "texture": "#0"},
				"east": {"uv": [5, 2.25, 5.625, 3.5], "texture": "#0"},
				"south": {"uv": [0, 7.25, 0.375, 8.5], "texture": "#0"},
				"west": {"uv": [0, 5.25, 0.625, 6.5], "texture": "#0"},
				"up": {"uv": [8.375, 6.875, 8, 6.25], "texture": "#0"},
				"down": {"uv": [8.375, 7.75, 8, 8.375], "texture": "#0"}
			}
		},
		{
			"from": [5.608, 3.8672, 12.2598],
			"to": [10.392, 5.2132, 14.6332],
			"rotation": {"angle": 22.5, "axis": "z", "origin": [8, 4.5402, 13.8465]},
			"faces": {
				"north": {"uv": [5.75, 7, 7, 7.375], "texture": "#0"},
				"east": {"uv": [8, 5, 8.625, 5.375], "texture": "#0"},
				"south": {"uv": [7, 7, 8.25, 7.375], "texture": "#0"},
				"west": {"uv": [8, 5.5, 8.625, 5.875], "texture": "#0"},
				"up": {"uv": [6.25, 1.375, 5, 0.75], "texture": "#0"},
				"down": {"uv": [6.25, 1.5, 5, 2.125], "texture": "#0"}
			}
		},
		{
			"from": [5.608, 3.8172, 12.2446],
			"to": [10.392, 5.2632, 14.6484],
			"rotation": {"angle": -22.5, "axis": "z", "origin": [8, 4.5402, 13.8465]},
			"faces": {
				"north": {"uv": [7, 3.25, 8.25, 3.625], "texture": "#0"},
				"east": {"uv": [8, 4, 8.625, 4.375], "texture": "#0"},
				"south": {"uv": [4.5, 7, 5.75, 7.375], "texture": "#0"},
				"west": {"uv": [8, 4.5, 8.625, 4.875], "texture": "#0"},
				"up": {"uv": [6, 5.125, 4.75, 4.5], "texture": "#0"},
				"down": {"uv": [6.25, 0, 5, 0.625], "texture": "#0"}
			}
		},
		{
			"from": [7.327, 2.1482, 12.2348],
			"to": [8.673, 6.9322, 14.6332],
			"rotation": {"angle": 22.5, "axis": "z", "origin": [8, 4.5402, 13.8465]},
			"faces": {
				"north": {"uv": [7, 0.75, 7.375, 2], "texture": "#0"},
				"east": {"uv": [4.25, 0, 4.875, 1.25], "texture": "#0"},
				"south": {"uv": [2.75, 7, 3.125, 8.25], "texture": "#0"},
				"west": {"uv": [1.75, 4.75, 2.375, 6], "texture": "#0"},
				"up": {"uv": [1.125, 8.625, 0.75, 8], "texture": "#0"},
				"down": {"uv": [8.375, 2, 8, 2.625], "texture": "#0"}
			}
		},
		{
			"from": [7.2275, 1.61482, 4.04018],
			"to": [8.7875, 3.42482, 4.61018],
			"rotation": {"angle": 0, "axis": "y", "origin": [8, 5.45982, 7.14018]},
			"faces": {
				"north": {"uv": [8.25, 7, 8.625, 7.5], "texture": "#0"},
				"east": {"uv": [3.5, 9, 3.625, 9.5], "texture": "#0"},
				"south": {"uv": [0, 8.5, 0.375, 9], "texture": "#0"},
				"west": {"uv": [9, 5, 9.125, 5.5], "texture": "#0"},
				"up": {"uv": [9.625, 2.375, 9.25, 2.25], "texture": "#0"},
				"down": {"uv": [9.625, 2.5, 9.25, 2.625], "texture": "#0"}
			}
		},
		{
			"from": [7.2275, 1.61482, 5.61518],
			"to": [8.7875, 3.42482, 6.18518],
			"rotation": {"angle": 0, "axis": "y", "origin": [8, 5.45982, 7.14018]},
			"faces": {
				"north": {"uv": [8.5, 0, 8.875, 0.5], "texture": "#0"},
				"east": {"uv": [6.5, 9, 6.625, 9.5], "texture": "#0"},
				"south": {"uv": [8.5, 0.5, 8.875, 1], "texture": "#0"},
				"west": {"uv": [6.75, 9, 6.875, 9.5], "texture": "#0"},
				"up": {"uv": [9.625, 3.375, 9.25, 3.25], "texture": "#0"},
				"down": {"uv": [9.625, 3.5, 9.25, 3.625], "texture": "#0"}
			}
		},
		{
			"from": [7.0775, 2.31482, 4.01518],
			"to": [8.9375, 3.42482, 7.13518],
			"rotation": {"angle": 0, "axis": "y", "origin": [8, 5.45982, 7.14018]},
			"faces": {
				"north": {"uv": [2.75, 8.5, 3.25, 8.75], "texture": "#0"},
				"east": {"uv": [8.25, 3.5, 9, 3.75], "texture": "#0"},
				"south": {"uv": [3.25, 8.5, 3.75, 8.75], "texture": "#0"},
				"west": {"uv": [8.5, 1, 9.25, 1.25], "texture": "#0"},
				"up": {"uv": [2.25, 3.75, 1.75, 3], "texture": "#0"},
				"down": {"uv": [4.75, 7.5, 4.25, 8.25], "texture": "#0"}
			}
		},
		{
			"from": [7.6275, 2.11482, 3.64018],
			"to": [8.3875, 3.52482, 4.11018],
			"rotation": {"angle": 0, "axis": "y", "origin": [8, 5.45982, 7.14018]},
			"faces": {
				"north": {"uv": [1.25, 8.75, 1.5, 9.125], "texture": "#0"},
				"east": {"uv": [2.75, 9.25, 2.875, 9.625], "texture": "#0"},
				"south": {"uv": [1.5, 8.75, 1.75, 9.125], "texture": "#0"},
				"west": {"uv": [4.25, 9.25, 4.375, 9.625], "texture": "#0"},
				"up": {"uv": [9.5, 8.875, 9.25, 8.75], "texture": "#0"},
				"down": {"uv": [9.5, 9, 9.25, 9.125], "texture": "#0"}
			}
		},
		{
			"from": [7.6275, 1.71482, 6.14018],
			"to": [8.3875, 2.82482, 6.81018],
			"rotation": {"angle": 0, "axis": "y", "origin": [8, 5.45982, 7.14018]},
			"faces": {
				"north": {"uv": [9, 2.5, 9.25, 2.75], "texture": "#0"},
				"east": {"uv": [9.25, 9.25, 9.375, 9.5], "texture": "#0"},
				"south": {"uv": [9, 5.5, 9.25, 5.75], "texture": "#0"},
				"west": {"uv": [9.5, 0.25, 9.625, 0.5], "texture": "#0"},
				"up": {"uv": [9.75, 0.625, 9.5, 0.5], "texture": "#0"},
				"down": {"uv": [9.75, 0.75, 9.5, 0.875], "texture": "#0"}
			}
		},
		{
			"from": [7.7275, 1.66482, 4.49018],
			"to": [8.2875, 1.97482, 5.66018],
			"rotation": {"angle": 0, "axis": "y", "origin": [8, 5.45982, 7.14018]},
			"faces": {
				"north": {"uv": [9.5, 6.75, 9.625, 6.875], "texture": "#0"},
				"east": {"uv": [9.5, 1, 9.75, 1.125], "texture": "#0"},
				"south": {"uv": [7, 9.5, 7.125, 9.625], "texture": "#0"},
				"west": {"uv": [9.5, 1.25, 9.75, 1.375], "texture": "#0"},
				"up": {"uv": [9.625, 1.75, 9.5, 1.5], "texture": "#0"},
				"down": {"uv": [9.625, 1.75, 9.5, 2], "texture": "#0"}
			}
		},
		{
			"from": [7.62092, -3.1704, 7.1388],
			"to": [8.351, -2.8194, 8.062],
			"rotation": {"angle": 45, "axis": "x", "origin": [8, -0.2922, 12.6548]},
			"faces": {
				"north": {"uv": [9.5, 7, 9.625, 7.125], "texture": "#0"},
				"east": {"uv": [2, 9.5, 2.25, 9.625], "texture": "#0"},
				"south": {"uv": [7.25, 9.5, 7.375, 9.625], "texture": "#0"},
				"west": {"uv": [9.5, 2, 9.75, 2.125], "texture": "#0"},
				"up": {"uv": [2.375, 9.75, 2.25, 9.5], "texture": "#0"},
				"down": {"uv": [2.625, 9.5, 2.5, 9.75], "texture": "#0"}
			}
		},
		{
			"from": [7.42092, 1.94091, 6.89597],
			"to": [8.551, 3.49191, 7.71917],
			"rotation": {"angle": -22.5, "axis": "x", "origin": [7.98596, 0.69141, 7.05757]},
			"faces": {
				"north": {"uv": [1.75, 8.75, 2, 9.125], "texture": "#0"},
				"east": {"uv": [2.25, 8.75, 2.5, 9.125], "texture": "#0"},
				"south": {"uv": [2.5, 8.75, 2.75, 9.125], "texture": "#0"},
				"west": {"uv": [2.75, 8.75, 3, 9.125], "texture": "#0"},
				"up": {"uv": [7.25, 9.25, 7, 9], "texture": "#0"},
				"down": {"uv": [8.25, 9, 8, 9.25], "texture": "#0"}
			}
		},
		{
			"from": [7.64592, 1.64091, 6.79597],
			"to": [8.326, 3.89191, 7.16917],
			"rotation": {"angle": -22.5, "axis": "x", "origin": [7.98596, 1.44141, 6.95757]},
			"faces": {
				"north": {"uv": [7.25, 8.75, 7.375, 9.375], "texture": "#0"},
				"east": {"uv": [8.75, 8, 8.875, 8.625], "texture": "#0"},
				"south": {"uv": [8.25, 8.75, 8.375, 9.375], "texture": "#0"},
				"west": {"uv": [8.5, 8.75, 8.625, 9.375], "texture": "#0"},
				"up": {"uv": [9.625, 7.375, 9.5, 7.25], "texture": "#0"},
				"down": {"uv": [9.625, 7.5, 9.5, 7.625], "texture": "#0"}
			}
		},
		{
			"from": [7.62092, 1.33515, 8.56235],
			"to": [8.351, 1.68615, 9.73555],
			"rotation": {"angle": -45, "axis": "x", "origin": [7.98596, 1.13565, 9.07395]},
			"faces": {
				"north": {"uv": [9.5, 7.75, 9.625, 7.875], "texture": "#0"},
				"east": {"uv": [9.5, 2.75, 9.75, 2.875], "texture": "#0"},
				"south": {"uv": [8, 9.5, 8.125, 9.625], "texture": "#0"},
				"west": {"uv": [3, 9.5, 3.25, 9.625], "texture": "#0"},
				"up": {"uv": [9.625, 3.25, 9.5, 3], "texture": "#0"},
				"down": {"uv": [3.375, 9.5, 3.25, 9.75], "texture": "#0"}
			}
		},
		{
			"from": [7.63496, 0.9108, 7.36],
			"to": [8.36504, 1.2618, 8.564],
			"rotation": {"angle": 0, "axis": "y", "origin": [8, -0.2922, 12.6548]},
			"faces": {
				"north": {"uv": [9.5, 8, 9.625, 8.125], "texture": "#0"},
				"east": {"uv": [3.5, 9.5, 3.75, 9.625], "texture": "#0"},
				"south": {"uv": [8.25, 9.5, 8.375, 9.625], "texture": "#0"},
				"west": {"uv": [3.75, 9.5, 4, 9.625], "texture": "#0"},
				"up": {"uv": [9.625, 4, 9.5, 3.75], "texture": "#0"},
				"down": {"uv": [4.125, 9.5, 4, 9.75], "texture": "#0"}
			}
		}
	],
	"display": {}
}