{
	"credit": "Model by MrCrayfish (https://twitter.com/MrCraayfish) using Blockbench",
	"texture_size": [64, 64],
	"textures": {
		"2": "cgm:item/heavy_rifle",
		"particle": "cgm:item/heavy_rifle"
	},
	"elements": [
		{
			"from": [6.85, 2.675, 6.70625],
			"to": [9.15, 5.175, 10.53],
			"rotation": {"angle": 0, "axis": "y", "origin": [-1.2, -0.0575, -0.48125]},
			"faces": {
				"north": {"uv": [4.5, 7.5, 5.125, 8.125], "texture": "#2"},
				"east": {"uv": [5, 4, 6, 4.625], "texture": "#2"},
				"south": {"uv": [7.5, 4.5, 8.125, 5.125], "texture": "#2"},
				"west": {"uv": [6, 2.25, 7, 2.875], "texture": "#2"},
				"up": {"uv": [0.625, 5, 0, 4], "texture": "#2"},
				"down": {"uv": [0.625, 6, 0, 7], "texture": "#2"}
			}
		},
		{
			"from": [6.99375, 1.955, 10.44375],
			"to": [9.00625, 2.875, 13.1175],
			"rotation": {"angle": 0, "axis": "y", "origin": [-1.2, -0.345, 3.285]},
			"faces": {
				"north": {"uv": [3.5, 0, 4, 0.25], "texture": "#2"},
				"east": {"uv": [0, 1.5, 0.625, 1.75], "texture": "#2"},
				"south": {"uv": [4.5, 1.5, 5, 1.75], "texture": "#2"},
				"west": {"uv": [0, 5, 0.625, 5.25], "texture": "#2"},
				"up": {"uv": [1.25, 1.625, 0.75, 1], "texture": "#2"},
				"down": {"uv": [5.75, 7.5, 5.25, 8.125], "texture": "#2"}
			}
		},
		{
			"from": [7.68375, 2.4825, 6.505],
			"to": [8.31625, 2.99, 7.16625],
			"rotation": {"angle": 0, "axis": "y", "origin": [-1.2, -0.345, 13.37625]},
			"faces": {
				"north": {"uv": [1, 12.5, 1.125, 12.625], "texture": "#2"},
				"east": {"uv": [1.25, 12.5, 1.375, 12.625], "texture": "#2"},
				"south": {"uv": [1.5, 12.5, 1.625, 12.625], "texture": "#2"},
				"west": {"uv": [1.75, 12.5, 1.875, 12.625], "texture": "#2"},
				"up": {"uv": [2.125, 12.625, 2, 12.5], "texture": "#2"},
				"down": {"uv": [2.375, 12.5, 2.25, 12.625], "texture": "#2"}
			}
		},
		{
			"from": [7.7125, 1.6675, 10.61625],
			"to": [8.2875, 2.53, 12.255],
			"rotation": {"angle": 0, "axis": "y", "origin": [-1.2, -0.345, 13.95125]},
			"faces": {
				"north": {"uv": [8.25, 2, 8.375, 2.25], "texture": "#2"},
				"east": {"uv": [7.75, 0, 8.125, 0.25], "texture": "#2"},
				"south": {"uv": [8.25, 8, 8.375, 8.25], "texture": "#2"},
				"west": {"uv": [8.75, 5.25, 9.125, 5.5], "texture": "#2"},
				"up": {"uv": [7.625, 8.875, 7.5, 8.5], "texture": "#2"},
				"down": {"uv": [9.875, 4, 9.75, 4.375], "texture": "#2"}
			}
		},
		{
			"from": [7.7125, 1.15, 10.08],
			"to": [8.2875, 2.3, 12.6],
			"rotation": {"angle": 0, "axis": "y", "origin": [-1.2, -0.345, 3.975]},
			"faces": {
				"north": {"uv": [0.5, 0.5, 0.625, 0.75], "texture": "#2"},
				"east": {"uv": [0, 0, 0.625, 0.25], "texture": "#2"},
				"south": {"uv": [0.75, 0, 0.875, 0.25], "texture": "#2"},
				"west": {"uv": [0, 0.25, 0.625, 0.5], "texture": "#2"},
				"up": {"uv": [0.125, 1.125, 0, 0.5], "texture": "#2"},
				"down": {"uv": [0.375, 0.5, 0.25, 1.125], "texture": "#2"}
			}
		},
		{
			"from": [7.7125, 1.61, 12.6],
			"to": [8.2875, 1.955, 15.015],
			"rotation": {"angle": 0, "axis": "y", "origin": [-1.2, -0.345, 3.4]},
			"faces": {
				"north": {"uv": [2.5, 12.5, 2.625, 12.625], "texture": "#2"},
				"east": {"uv": [12, 8.25, 12.625, 8.375], "texture": "#2"},
				"south": {"uv": [2.75, 12.5, 2.875, 12.625], "texture": "#2"},
				"west": {"uv": [12, 8.5, 12.625, 8.625], "texture": "#2"},
				"up": {"uv": [8.875, 12.625, 8.75, 12], "texture": "#2"},
				"down": {"uv": [12.125, 8.75, 12, 9.375], "texture": "#2"}
			}
		},
		{
			"from": [7.7875, 5.0375, -5.19625],
			"to": [8.2125, 5.7125, -3.47125],
			"rotation": {"angle": 0, "axis": "y", "origin": [-1.2, -0.2175, 5.09625]},
			"faces": {
				"north": {"uv": [3, 12.5, 3.125, 12.625], "texture": "#2"},
				"east": {"uv": [12, 11, 12.375, 11.125], "texture": "#2"},
				"south": {"uv": [3.25, 12.5, 3.375, 12.625], "texture": "#2"},
				"west": {"uv": [12, 11.25, 12.375, 11.375], "texture": "#2"},
				"up": {"uv": [10.625, 8.625, 10.5, 8.25], "texture": "#2"},
				"down": {"uv": [10.625, 9.75, 10.5, 10.125], "texture": "#2"}
			}
		},
		{
			"from": [7.925, 5.5925, -5.09625],
			"to": [8.075, 6.0925, -4.62125],
			"rotation": {"angle": 0, "axis": "y", "origin": [-1.2, -0.2175, 5.09625]},
			"faces": {
				"north": {"uv": [3.5, 12.5, 3.625, 12.625], "texture": "#2"},
				"east": {"uv": [3.75, 12.5, 3.875, 12.625], "texture": "#2"},
				"south": {"uv": [4, 12.5, 4.125, 12.625], "texture": "#2"},
				"west": {"uv": [4.25, 12.5, 4.375, 12.625], "texture": "#2"},
				"up": {"uv": [12.625, 4.625, 12.5, 4.5], "texture": "#2"},
				"down": {"uv": [12.625, 4.75, 12.5, 4.875], "texture": "#2"}
			}
		},
		{
			"from": [7.28125, 5.405, 12.22625],
			"to": [8.71875, 5.635, 15.10125],
			"rotation": {"angle": 0, "axis": "y", "origin": [-1.2, -0.345, 3.4]},
			"faces": {
				"north": {"uv": [11.5, 12, 11.875, 12.125], "texture": "#2"},
				"east": {"uv": [9.75, 1.25, 10.5, 1.375], "texture": "#2"},
				"south": {"uv": [12, 11.5, 12.375, 11.625], "texture": "#2"},
				"west": {"uv": [3.25, 10, 4, 10.125], "texture": "#2"},
				"up": {"uv": [7.125, 9.75, 6.75, 9], "texture": "#2"},
				"down": {"uv": [7.625, 9, 7.25, 9.75], "texture": "#2"}
			}
		},
		{
			"from": [6.99375, 2.875, 11.70875],
			"to": [9.00625, 4.83, 17.2],
			"rotation": {"angle": 0, "axis": "y", "origin": [-1.2, -0.345, 3.4]},
			"faces": {
				"north": {"uv": [1.5, 0, 2, 0.5], "texture": "#2"},
				"east": {"uv": [2.5, 4.25, 3.875, 4.75], "texture": "#2"},
				"south": {"uv": [2.75, 1.75, 3.25, 2.25], "texture": "#2"},
				"west": {"uv": [0.75, 5, 2.125, 5.5], "texture": "#2"},
				"up": {"uv": [3.75, 2.375, 3.25, 1], "texture": "#2"},
				"down": {"uv": [5, 0, 4.5, 1.375], "texture": "#2"}
			}
		},
		{
			"from": [6.82125, 3.105, 12.28375],
			"to": [9.17875, 5.4625, 15.475],
			"rotation": {"angle": 0, "axis": "y", "origin": [-1.2, -0.0575, -2.35]},
			"faces": {
				"north": {"uv": [7.75, 1.25, 8.375, 1.875], "texture": "#2"},
				"east": {"uv": [4.5, 3.25, 5.25, 3.875], "texture": "#2"},
				"south": {"uv": [7.5, 7.75, 8.125, 8.375], "texture": "#2", "cullface": "south"},
				"west": {"uv": [6, 5, 6.75, 5.625], "texture": "#2"},
				"up": {"uv": [1.375, 7, 0.75, 6.25], "texture": "#2"},
				"down": {"uv": [7.875, 5.75, 7.25, 6.5], "texture": "#2"}
			}
		},
		{
			"from": [6.735, 2.8175, 6.70625],
			"to": [9.265, 4.37, 10.38625],
			"rotation": {"angle": 0, "axis": "y", "origin": [8.2875, 1.96219, 6.82125]},
			"faces": {
				"north": {"uv": [9, 4, 9.625, 4.375], "texture": "#2"},
				"east": {"uv": [8.25, 0.75, 9.125, 1.125], "texture": "#2"},
				"south": {"uv": [9.25, 0.75, 9.875, 1.125], "texture": "#2"},
				"west": {"uv": [8.25, 2.25, 9.125, 2.625], "texture": "#2"},
				"up": {"uv": [6.375, 6.875, 5.75, 6], "texture": "#2"},
				"down": {"uv": [4.625, 6.5, 4, 7.375], "texture": "#2"}
			}
		},
		{
			"from": [8.46, 4.11125, 12.37],
			"to": [9.3225, 4.74375, 15.4175],
			"rotation": {"angle": 0, "axis": "y", "origin": [-0.9125, 0, -2.7525]},
			"faces": {
				"north": {"uv": [9.25, 9, 9.5, 9.125], "texture": "#2"},
				"east": {"uv": [1, 11, 1.75, 11.125], "texture": "#2"},
				"south": {"uv": [6, 9.5, 6.25, 9.625], "texture": "#2"},
				"west": {"uv": [1.75, 11, 2.5, 11.125], "texture": "#2"},
				"up": {"uv": [4.75, 4.75, 4.5, 4], "texture": "#2"},
				"down": {"uv": [7, 3.25, 6.75, 4], "texture": "#2"}
			}
		},
		{
			"from": [7.22375, 4.22625, 15.4175],
			"to": [8.77625, 5.37625, 16.395],
			"rotation": {"angle": 0, "axis": "y", "origin": [-0.9125, 0, -2.0625]},
			"faces": {
				"north": {"uv": [1.25, 9.5, 1.625, 9.75], "texture": "#2"},
				"east": {"uv": [1.25, 1.5, 1.5, 1.75], "texture": "#2"},
				"south": {"uv": [10, 4.75, 10.375, 5], "texture": "#2"},
				"west": {"uv": [1.75, 1.25, 2, 1.5], "texture": "#2"},
				"up": {"uv": [7.375, 10.25, 7, 10], "texture": "#2"},
				"down": {"uv": [9.125, 10.25, 8.75, 10.5], "texture": "#2"}
			}
		},
		{
			"from": [9.3225, 4.28375, 14.8425],
			"to": [11.1625, 4.57125, 15.13],
			"rotation": {"angle": 0, "axis": "y", "origin": [-0.9125, 0, -2.7525]},
			"faces": {
				"north": {"uv": [12, 10, 12.5, 10.125], "texture": "#2"},
				"east": {"uv": [5.25, 12.5, 5.375, 12.625], "texture": "#2"},
				"south": {"uv": [12, 10.25, 12.5, 10.375], "texture": "#2"},
				"west": {"uv": [12.5, 5.25, 12.625, 5.375], "texture": "#2"},
				"up": {"uv": [11, 12.125, 10.5, 12], "texture": "#2"},
				"down": {"uv": [12.5, 10.5, 12, 10.625], "texture": "#2"}
			}
		},
		{
			"from": [11.105, 4.22625, 14.7275],
			"to": [11.45, 4.62875, 15.4175],
			"rotation": {"angle": 0, "axis": "y", "origin": [-0.9125, 0, -2.7525]},
			"faces": {
				"north": {"uv": [5.5, 12.5, 5.625, 12.625], "texture": "#2"},
				"east": {"uv": [12.5, 5.5, 12.625, 5.625], "texture": "#2"},
				"south": {"uv": [5.75, 12.5, 5.875, 12.625], "texture": "#2"},
				"west": {"uv": [12.5, 5.75, 12.625, 5.875], "texture": "#2"},
				"up": {"uv": [6.125, 12.625, 6, 12.5], "texture": "#2"},
				"down": {"uv": [12.625, 6, 12.5, 6.125], "texture": "#2"}
			}
		},
		{
			"from": [7.31, -0.25875, 14.64125],
			"to": [8.69, 4.39875, 16.02125],
			"rotation": {"angle": -22.5, "axis": "x", "origin": [8, 1.38, 15.61875]},
			"faces": {
				"north": {"uv": [7.75, 6.5, 8.125, 7.625], "texture": "#2"},
				"east": {"uv": [7, 7.75, 7.375, 8.875], "texture": "#2"},
				"south": {"uv": [3.5, 8, 3.875, 9.125], "texture": "#2", "cullface": "south"},
				"west": {"uv": [4, 8, 4.375, 9.125], "texture": "#2"},
				"up": {"uv": [10.875, 11.125, 10.5, 10.75], "texture": "#2"},
				"down": {"uv": [6.125, 12, 5.75, 12.375], "texture": "#2", "cullface": "down"}
			}
		},
		{
			"from": [7.195, 0.08625, 14.75625],
			"to": [8.805, 4.39875, 15.90625],
			"rotation": {"angle": -22.5, "axis": "x", "origin": [8, 1.38, 15.61875]},
			"faces": {
				"north": {"uv": [1.25, 8.25, 1.625, 9.375], "texture": "#2"},
				"east": {"uv": [2.25, 4.5, 2.5, 5.625], "texture": "#2"},
				"south": {"uv": [8.25, 8.25, 8.625, 9.375], "texture": "#2", "cullface": "south"},
				"west": {"uv": [3.5, 6.25, 3.75, 7.375], "texture": "#2"},
				"up": {"uv": [10.875, 4, 10.5, 3.75], "texture": "#2"},
				"down": {"uv": [10.875, 6.5, 10.5, 6.75], "texture": "#2", "cullface": "down"}
			}
		},
		{
			"from": [7.7125, 2.3, 13.6925],
			"to": [8.2875, 2.875, 14.2675],
			"rotation": {"angle": 0, "axis": "y", "origin": [-1.2, -3.22, 8]},
			"faces": {
				"north": {"uv": [6.25, 12.5, 6.375, 12.625], "texture": "#2"},
				"east": {"uv": [12.5, 6.25, 12.625, 6.375], "texture": "#2"},
				"south": {"uv": [6.5, 12.5, 6.625, 12.625], "texture": "#2"},
				"west": {"uv": [12.5, 6.5, 12.625, 6.625], "texture": "#2"},
				"up": {"uv": [6.875, 12.625, 6.75, 12.5], "texture": "#2"},
				"down": {"uv": [12.625, 6.75, 12.5, 6.875], "texture": "#2"}
			}
		},
		{
			"from": [5.7, 2.8175, 10.415],
			"to": [10.3, 3.9675, 12.1975],
			"rotation": {"angle": -22.5, "axis": "z", "origin": [8, 3.3925, 11.30625]},
			"faces": {
				"north": {"uv": [0.75, 5.5, 1.875, 5.75], "texture": "#2"},
				"east": {"uv": [5, 1, 5.5, 1.25], "texture": "#2"},
				"south": {"uv": [6.75, 5.25, 7.875, 5.5], "texture": "#2"},
				"west": {"uv": [6.75, 5.5, 7.25, 5.75], "texture": "#2"},
				"up": {"uv": [2.875, 4, 1.75, 3.5], "texture": "#2"},
				"down": {"uv": [5.625, 1.75, 4.5, 2.25], "texture": "#2"}
			}
		},
		{
			"from": [5.7, 2.8175, 10.3575],
			"to": [10.3, 3.9675, 12.255],
			"rotation": {"angle": 22.5, "axis": "z", "origin": [8, 3.3925, 11.30625]},
			"faces": {
				"north": {"uv": [7, 2.5, 8.125, 2.75], "texture": "#2"},
				"east": {"uv": [0, 7, 0.5, 7.25], "texture": "#2"},
				"south": {"uv": [8.5, 1.25, 9.625, 1.5], "texture": "#2"},
				"west": {"uv": [3, 7.5, 3.5, 7.75], "texture": "#2"},
				"up": {"uv": [7.125, 0.75, 6, 0.25], "texture": "#2"},
				"down": {"uv": [5.625, 6, 4.5, 6.5], "texture": "#2"}
			}
		},
		{
			"from": [7.425, 1.0925, 10.38625],
			"to": [8.575, 5.6925, 12.22625],
			"rotation": {"angle": -22.5, "axis": "z", "origin": [8, 3.3925, 11.30625]},
			"faces": {
				"north": {"uv": [6.5, 3.75, 6.75, 4.875], "texture": "#2"},
				"east": {"uv": [3.5, 5, 4, 6.125], "texture": "#2"},
				"south": {"uv": [5.75, 9.75, 6, 10.875], "texture": "#2"},
				"west": {"uv": [6, 3.75, 6.5, 4.875], "texture": "#2"},
				"up": {"uv": [3.75, 4, 3.5, 3.5], "texture": "#2"},
				"down": {"uv": [1, 4, 0.75, 4.5], "texture": "#2"}
			}
		},
		{
			"from": [7.425, 1.0925, 10.3575],
			"to": [8.575, 5.6925, 12.255],
			"rotation": {"angle": 22.5, "axis": "z", "origin": [8, 3.3925, 11.30625]},
			"faces": {
				"north": {"uv": [10.5, 0.75, 10.75, 1.875], "texture": "#2"},
				"east": {"uv": [1.5, 6.25, 2, 7.375], "texture": "#2"},
				"south": {"uv": [10.75, 9, 11, 10.125], "texture": "#2"},
				"west": {"uv": [2, 6.25, 2.5, 7.375], "texture": "#2"},
				"up": {"uv": [2, 4.5, 1.75, 4], "texture": "#2"},
				"down": {"uv": [4.5, 3.5, 4.25, 4], "texture": "#2"}
			}
		},
		{
			"from": [6.86, 2.6, 6.24625],
			"to": [9.14, 5.475, 6.70625],
			"rotation": {"angle": 0, "axis": "y", "origin": [-1.2, 0.1275, -0.07875]},
			"faces": {
				"north": {"uv": [1.25, 7.5, 1.875, 8.25], "texture": "#2"},
				"east": {"uv": [8.25, 10.75, 8.375, 11.5], "texture": "#2"},
				"south": {"uv": [2.25, 7.5, 2.875, 8.25], "texture": "#2"},
				"west": {"uv": [7.5, 12, 7.625, 12.75], "texture": "#2"},
				"up": {"uv": [9.625, 12.125, 9, 12], "texture": "#2"},
				"down": {"uv": [12.625, 9.5, 12, 9.625], "texture": "#2"}
			}
		},
		{
			"from": [7.215, 3.97, -5.77125],
			"to": [8.785, 5.54, -5.19625],
			"rotation": {"angle": 0, "axis": "y", "origin": [-1.2, 0.1275, -0.07875]},
			"faces": {
				"north": {"uv": [12, 5.75, 12.375, 6.125], "texture": "#2"},
				"east": {"uv": [10.75, 6, 10.875, 6.375], "texture": "#2"},
				"south": {"uv": [6.25, 12, 6.625, 12.375], "texture": "#2"},
				"west": {"uv": [11, 10.75, 11.125, 11.125], "texture": "#2"},
				"up": {"uv": [12.375, 11.875, 12, 11.75], "texture": "#2"},
				"down": {"uv": [12.375, 12, 12, 12.125], "texture": "#2"}
			}
		},
		{
			"from": [7.215, 3.97, -7.73],
			"to": [8.785, 5.54, -7.155],
			"rotation": {"angle": 0, "axis": "y", "origin": [-1.2, 0.1275, -0.07875]},
			"faces": {
				"north": {"uv": [12, 6.25, 12.375, 6.625], "texture": "#2"},
				"east": {"uv": [0, 12.25, 0.125, 12.625], "texture": "#2"},
				"south": {"uv": [6.75, 12, 7.125, 12.375], "texture": "#2"},
				"west": {"uv": [12.25, 0, 12.375, 0.375], "texture": "#2"},
				"up": {"uv": [0.875, 12.375, 0.5, 12.25], "texture": "#2"},
				"down": {"uv": [12.625, 0.5, 12.25, 0.625], "texture": "#2"}
			}
		},
		{
			"from": [7.2725, 3.5425, 5.67125],
			"to": [8.7275, 5.3675, 6.24625],
			"rotation": {"angle": 0, "axis": "y", "origin": [-1.2, 0.1275, -0.07875]},
			"faces": {
				"north": {"uv": [6, 9.75, 6.375, 10.25], "texture": "#2"},
				"east": {"uv": [7.25, 0.25, 7.375, 0.75], "texture": "#2"},
				"south": {"uv": [6.5, 9.75, 6.875, 10.25], "texture": "#2"},
				"west": {"uv": [1.75, 8.25, 1.875, 8.75], "texture": "#2"},
				"up": {"uv": [12.625, 0.875, 12.25, 0.75], "texture": "#2"},
				"down": {"uv": [1.375, 12.25, 1, 12.375], "texture": "#2"}
			}
		},
		{
			"from": [7.3725, 2.9425, 5.97125],
			"to": [8.6275, 3.5675, 6.24625],
			"rotation": {"angle": 0, "axis": "y", "origin": [-1.2, 0.1275, -0.07875]},
			"faces": {
				"north": {"uv": [11.25, 12.25, 11.625, 12.375], "texture": "#2"},
				"east": {"uv": [12.5, 10.75, 12.625, 10.875], "texture": "#2"},
				"south": {"uv": [11.75, 12.25, 12.125, 12.375], "texture": "#2"},
				"west": {"uv": [11, 12.5, 11.125, 12.625], "texture": "#2"},
				"up": {"uv": [12.625, 12.375, 12.25, 12.25], "texture": "#2"},
				"down": {"uv": [12.875, 0, 12.5, 0.125], "texture": "#2"}
			}
		},
		{
			"from": [7.5025, 5.2375, -7.15125],
			"to": [8.4975, 5.5375, -5.77125],
			"rotation": {"angle": 0, "axis": "y", "origin": [-1.2, 0.1275, -0.07875]},
			"faces": {
				"north": {"uv": [9.75, 6.25, 10, 6.375], "texture": "#2"},
				"east": {"uv": [12.25, 1, 12.625, 1.125], "texture": "#2"},
				"south": {"uv": [9.75, 7.5, 10, 7.625], "texture": "#2"},
				"west": {"uv": [12.25, 1.25, 12.625, 1.375], "texture": "#2"},
				"up": {"uv": [4.25, 6.375, 4, 6], "texture": "#2"},
				"down": {"uv": [6.75, 1.25, 6.5, 1.625], "texture": "#2"}
			}
		},
		{
			"from": [7.445, 4.17125, -5.31125],
			"to": [8.555, 5.28125, 5.67125],
			"rotation": {"angle": 0, "axis": "y", "origin": [-1.2, 0.1275, -0.07875]},
			"faces": {
				"north": {"uv": [2.75, 2.25, 3, 2.5], "texture": "#2"},
				"east": {"uv": [5, 0, 7.75, 0.25], "texture": "#2"},
				"south": {"uv": [2.5, 2.75, 2.75, 3], "texture": "#2"},
				"west": {"uv": [4.5, 5.75, 7.25, 6], "texture": "#2"},
				"up": {"uv": [3.25, 7.5, 3, 4.75], "texture": "#2"},
				"down": {"uv": [3.5, 4.75, 3.25, 7.5], "texture": "#2"}
			}
		},
		{
			"from": [7.16625, 4.8875, 6.65],
			"to": [8.83375, 5.4625, 10.385],
			"rotation": {"angle": 0, "axis": "y", "origin": [-1.2, 0, -0.07875]},
			"faces": {
				"north": {"uv": [1.5, 12.25, 1.875, 12.375], "texture": "#2"},
				"east": {"uv": [9.25, 2.5, 10.125, 2.625], "texture": "#2"},
				"south": {"uv": [12.25, 1.5, 12.625, 1.625], "texture": "#2"},
				"west": {"uv": [9.5, 8.25, 10.375, 8.375], "texture": "#2"},
				"up": {"uv": [2.875, 7.375, 2.5, 6.5], "texture": "#2"},
				"down": {"uv": [8.625, 4.5, 8.25, 5.375], "texture": "#2"}
			}
		},
		{
			"from": [7.39625, 1.52375, 14.29625],
			"to": [8.60375, 3.88125, 15.245],
			"rotation": {"angle": 45, "axis": "x", "origin": [8, 1.38, 15.61875]},
			"faces": {
				"north": {"uv": [8, 5.75, 8.25, 6.375], "texture": "#2"},
				"east": {"uv": [3.25, 8.25, 3.5, 8.875], "texture": "#2"},
				"south": {"uv": [4.5, 8.25, 4.75, 8.875], "texture": "#2", "cullface": "south"},
				"west": {"uv": [8.25, 7.25, 8.5, 7.875], "texture": "#2"},
				"up": {"uv": [2.25, 3.5, 2, 3.25], "texture": "#2"},
				"down": {"uv": [2.75, 3.25, 2.5, 3.5], "texture": "#2", "cullface": "down"}
			}
		},
		{
			"from": [7.39625, 0.05375, 15.7625],
			"to": [8.60375, 1.0025, 21.12],
			"rotation": {"angle": -22.5, "axis": "x", "origin": [8, 1.38, 15.61875]},
			"faces": {
				"north": {"uv": [2.75, 3.25, 2.5, 3.5], "rotation": 180, "texture": "#2", "cullface": "down"},
				"east": {"uv": [3.25, 8.25, 3.5, 8.875], "rotation": 270, "texture": "#2"},
				"south": {"uv": [2.25, 3.5, 2, 3.25], "texture": "#2"},
				"west": {"uv": [8.25, 7.25, 8.5, 7.875], "rotation": 90, "texture": "#2"},
				"up": {"uv": [8, 5.75, 8.25, 6.375], "rotation": 180, "texture": "#2"},
				"down": {"uv": [4.5, 8.25, 4.75, 8.875], "texture": "#2", "cullface": "south"}
			}
		},
		{
			"from": [7.1375, 1.9425, 6.85125],
			"to": [8.8625, 2.1725, 10.3575],
			"rotation": {"angle": 22.5, "axis": "x", "origin": [8, 2.3575, 8.70437]},
			"faces": {
				"north": {"uv": [12.25, 1.75, 12.625, 1.875], "texture": "#2"},
				"east": {"uv": [9.75, 5.5, 10.625, 5.625], "texture": "#2"},
				"south": {"uv": [2, 12.25, 2.375, 12.375], "texture": "#2"},
				"west": {"uv": [10, 3.25, 10.875, 3.375], "texture": "#2"},
				"up": {"uv": [8.625, 7.125, 8.25, 6.25], "texture": "#2"},
				"down": {"uv": [6.625, 8.75, 6.25, 9.625], "texture": "#2"}
			}
		},
		{
			"from": [7.195, 2.2575, 6.7225],
			"to": [8.805, 4.4175, 10.45375],
			"rotation": {"angle": 22.5, "axis": "x", "origin": [8, 2.5875, 8.52563]},
			"faces": {
				"north": {"uv": [10, 0.75, 10.375, 1.25], "texture": "#2"},
				"east": {"uv": [3.5, 7.5, 4.375, 8], "texture": "#2"},
				"south": {"uv": [10, 2.75, 10.375, 3.25], "texture": "#2"},
				"west": {"uv": [7.5, 4, 8.375, 4.5], "texture": "#2"},
				"up": {"uv": [9.125, 7.125, 8.75, 6.25], "texture": "#2"},
				"down": {"uv": [9.125, 8.25, 8.75, 9.125], "texture": "#2"}
			}
		},
		{
			"from": [7.33875, -0.60375, 6.495],
			"to": [8.66125, 3.1075, 9.8875],
			"rotation": {"angle": 22.5, "axis": "x", "origin": [8, 1.38, 8.575]},
			"faces": {
				"north": {"uv": [9.25, 6.25, 9.625, 7.125], "texture": "#2"},
				"east": {"uv": [2.75, 2.5, 3.625, 3.375], "texture": "#2"},
				"south": {"uv": [8.75, 9.25, 9.125, 10.125], "texture": "#2"},
				"west": {"uv": [0, 3, 0.875, 3.875], "texture": "#2"},
				"up": {"uv": [9.625, 10.125, 9.25, 9.25], "texture": "#2"},
				"down": {"uv": [10.125, 6.5, 9.75, 7.375], "texture": "#2"}
			}
		},
		{
			"from": [7.2525, -0.805, 6.3225],
			"to": [8.7475, -0.48875, 10.06],
			"rotation": {"angle": 22.5, "axis": "x", "origin": [8, 1.38, 8.575]},
			"faces": {
				"north": {"uv": [12.25, 2, 12.625, 2.125], "texture": "#2"},
				"east": {"uv": [6, 10.25, 6.875, 10.375], "texture": "#2"},
				"south": {"uv": [12.25, 2.25, 12.625, 2.375], "texture": "#2"},
				"west": {"uv": [0, 11, 0.875, 11.125], "texture": "#2"},
				"up": {"uv": [10.375, 4.625, 10, 3.75], "texture": "#2"},
				"down": {"uv": [4.375, 10.25, 4, 11.125], "texture": "#2"}
			}
		},
		{
			"from": [7.0825, 3.49125, 3.745],
			"to": [8.9175, 5.56125, 5.2975],
			"rotation": {"angle": 0, "axis": "y", "origin": [-1.2, 0.1275, 2.4225]},
			"faces": {
				"north": {"uv": [1.75, 4.5, 2.25, 5], "texture": "#2"},
				"east": {"uv": [10.25, 0, 10.625, 0.5], "texture": "#2"},
				"south": {"uv": [2.5, 5, 3, 5.5], "texture": "#2"},
				"west": {"uv": [10.5, 2.75, 10.875, 3.25], "texture": "#2"},
				"up": {"uv": [11, 4.875, 10.5, 4.5], "texture": "#2"},
				"down": {"uv": [10.5, 10.5, 10, 10.875], "texture": "#2"}
			}
		},
		{
			"from": [7.28125, 5.25375, 3.9175],
			"to": [8.71875, 5.65625, 5.125],
			"rotation": {"angle": 0, "axis": "y", "origin": [-1.2, 0.1275, 2.4225]},
			"faces": {
				"north": {"uv": [2.5, 12.25, 2.875, 12.375], "texture": "#2"},
				"east": {"uv": [10.25, 7.25, 10.5, 7.375], "texture": "#2"},
				"south": {"uv": [12.25, 2.5, 12.625, 2.625], "texture": "#2"},
				"west": {"uv": [1.75, 10.5, 2, 10.625], "texture": "#2"},
				"up": {"uv": [2.875, 11.25, 2.5, 11], "texture": "#2"},
				"down": {"uv": [3.875, 11, 3.5, 11.25], "texture": "#2"}
			}
		},
		{
			"from": [7.30125, 3.56375, 3.9175],
			"to": [8.69875, 4.04125, 5.125],
			"rotation": {"angle": 0, "axis": "y", "origin": [-1.2, 0.1275, 2.4225]},
			"faces": {
				"north": {"uv": [12.25, 2.75, 12.625, 2.875], "texture": "#2"},
				"east": {"uv": [8.75, 10.5, 9, 10.625], "texture": "#2"},
				"south": {"uv": [3, 12.25, 3.375, 12.375], "texture": "#2"},
				"west": {"uv": [10.75, 2, 11, 2.125], "texture": "#2"},
				"up": {"uv": [4.875, 11.25, 4.5, 11], "texture": "#2"},
				"down": {"uv": [5.875, 11, 5.5, 11.25], "texture": "#2"}
			}
		},
		{
			"from": [7.30125, 3.16375, -2.0825],
			"to": [8.69875, 3.64125, -0.875],
			"rotation": {"angle": 0, "axis": "y", "origin": [-1.2, 0.1275, -3.5775]},
			"faces": {
				"north": {"uv": [12.25, 3, 12.625, 3.125], "texture": "#2"},
				"east": {"uv": [2.25, 10.75, 2.5, 10.875], "texture": "#2"},
				"south": {"uv": [12.25, 3.25, 12.625, 3.375], "texture": "#2"},
				"west": {"uv": [3.5, 10.75, 3.75, 10.875], "texture": "#2"},
				"up": {"uv": [7.625, 11.25, 7.25, 11], "texture": "#2"},
				"down": {"uv": [10.125, 11, 9.75, 11.25], "texture": "#2"}
			}
		},
		{
			"from": [7.30125, 3.16375, 3.9175],
			"to": [8.69875, 3.64125, 5.125],
			"rotation": {"angle": 0, "axis": "y", "origin": [-1.2, 0.1275, -3.5775]},
			"faces": {
				"north": {"uv": [12.25, 3, 12.625, 3.125], "texture": "#2"},
				"east": {"uv": [2.25, 10.75, 2.5, 10.875], "texture": "#2"},
				"south": {"uv": [12.25, 3.25, 12.625, 3.375], "texture": "#2"},
				"west": {"uv": [3.5, 10.75, 3.75, 10.875], "texture": "#2"},
				"up": {"uv": [7.625, 11.25, 7.25, 11], "texture": "#2"},
				"down": {"uv": [10.125, 11, 9.75, 11.25], "texture": "#2"}
			}
		},
		{
			"from": [7.0825, 3.49125, -2.255],
			"to": [8.9175, 5.56125, -0.7025],
			"rotation": {"angle": 0, "axis": "y", "origin": [-1.2, 0.1275, -3.5775]},
			"faces": {
				"north": {"uv": [6.5, 6, 7, 6.5], "texture": "#2"},
				"east": {"uv": [3, 10.75, 3.375, 11.25], "texture": "#2"},
				"south": {"uv": [8.5, 4, 9, 4.5], "texture": "#2"},
				"west": {"uv": [5, 10.75, 5.375, 11.25], "texture": "#2"},
				"up": {"uv": [6.75, 11.125, 6.25, 10.75], "texture": "#2"},
				"down": {"uv": [7.25, 10.75, 6.75, 11.125], "texture": "#2"}
			}
		},
		{
			"from": [7.28125, 5.25375, -2.0825],
			"to": [8.71875, 5.65625, -0.875],
			"rotation": {"angle": 0, "axis": "y", "origin": [-1.2, 0.1275, -3.5775]},
			"faces": {
				"north": {"uv": [3.5, 12.25, 3.875, 12.375], "texture": "#2"},
				"east": {"uv": [4.5, 10.75, 4.75, 10.875], "texture": "#2"},
				"south": {"uv": [12.25, 3.5, 12.625, 3.625], "texture": "#2"},
				"west": {"uv": [10.75, 5.5, 11, 5.625], "texture": "#2"},
				"up": {"uv": [11.625, 7.75, 11.25, 7.5], "texture": "#2"},
				"down": {"uv": [8.125, 11.25, 7.75, 11.5], "texture": "#2"}
			}
		},
		{
			"from": [5.4125, 2.13375, -1.91],
			"to": [6.275, 6.8775, -1.0475],
			"rotation": {"angle": -22.5, "axis": "z", "origin": [-0.9125, 1.1275, -0.185]},
			"faces": {
				"north": {"uv": [11, 0, 11.25, 1.125], "texture": "#2"},
				"east": {"uv": [11, 1.25, 11.25, 2.375], "texture": "#2"},
				"south": {"uv": [11, 2.5, 11.25, 3.625], "texture": "#2"},
				"west": {"uv": [11, 3.75, 11.25, 4.875], "texture": "#2"},
				"up": {"uv": [1, 5, 0.75, 4.75], "texture": "#2"},
				"down": {"uv": [3.75, 4.75, 3.5, 5], "texture": "#2"}
			}
		},
		{
			"from": [8.3925, -4.69125, -1.91],
			"to": [9.255, 0.0525, -1.0475],
			"rotation": {"angle": 22.5, "axis": "z", "origin": [-0.9125, 1.1275, -0.185]},
			"faces": {
				"north": {"uv": [11, 5.5, 11.25, 6.625], "texture": "#2"},
				"east": {"uv": [11, 9, 11.25, 10.125], "texture": "#2"},
				"south": {"uv": [7.25, 11.75, 7.5, 12.875], "texture": "#2"},
				"west": {"uv": [5, 12, 5.25, 13.125], "texture": "#2"},
				"up": {"uv": [5, 4.25, 4.75, 4], "texture": "#2"},
				"down": {"uv": [5.25, 2.25, 5, 2.5], "texture": "#2"}
			}
		},
		{
			"from": [8.22, -5.2375, -2.1975],
			"to": [9.0825, -4.6625, -1.0475],
			"rotation": {"angle": 22.5, "axis": "z", "origin": [-0.9125, 1.5875, -0.185]},
			"faces": {
				"north": {"uv": [7.25, 10.75, 7.5, 10.875], "texture": "#2"},
				"east": {"uv": [6, 11, 6.25, 11.125], "texture": "#2"},
				"south": {"uv": [11, 6.75, 11.25, 6.875], "texture": "#2"},
				"west": {"uv": [10.25, 11, 10.5, 11.125], "texture": "#2"},
				"up": {"uv": [2.25, 5.75, 2, 5.5], "texture": "#2"},
				"down": {"uv": [6, 3.75, 5.75, 4], "texture": "#2"}
			}
		},
		{
			"from": [5.585, 1.5875, -2.1975],
			"to": [6.4475, 2.1625, -1.0475],
			"rotation": {"angle": -22.5, "axis": "z", "origin": [-0.9125, 1.5875, -0.185]},
			"faces": {
				"north": {"uv": [0, 11.25, 0.25, 11.375], "texture": "#2"},
				"east": {"uv": [11.25, 0, 11.5, 0.125], "texture": "#2"},
				"south": {"uv": [11.75, 7, 12, 7.125], "texture": "#2"},
				"west": {"uv": [11.75, 7.5, 12, 7.625], "texture": "#2"},
				"up": {"uv": [7, 2.25, 6.75, 2], "texture": "#2"},
				"down": {"uv": [0.75, 7, 0.5, 7.25], "texture": "#2"}
			}
		},
		{
			"from": [7.5025, 3.9725, -7.15125],
			"to": [8.4975, 4.2725, -5.77125],
			"rotation": {"angle": 0, "axis": "y", "origin": [-1.2, 0.1275, -0.07875]},
			"faces": {
				"north": {"uv": [0.25, 12.5, 0.5, 12.625], "texture": "#2"},
				"east": {"uv": [12.25, 3.75, 12.625, 3.875], "texture": "#2"},
				"south": {"uv": [12.5, 0.25, 12.75, 0.375], "texture": "#2"},
				"west": {"uv": [4, 12.25, 4.375, 12.375], "texture": "#2"},
				"up": {"uv": [4, 7.375, 3.75, 7], "texture": "#2"},
				"down": {"uv": [7.25, 6, 7, 6.375], "texture": "#2"}
			}
		},
		{
			"from": [7.33875, 4.22625, 15.4175],
			"to": [8.66125, 5.26125, 16.97],
			"rotation": {"angle": 0, "axis": "y", "origin": [-0.9125, 0, -2.0625]},
			"faces": {
				"north": {"uv": [7.75, 12, 8.125, 12.25], "texture": "#2"},
				"east": {"uv": [12, 7.75, 12.375, 8], "texture": "#2"},
				"south": {"uv": [12, 8, 12.375, 8.25], "texture": "#2"},
				"west": {"uv": [8.25, 12, 8.625, 12.25], "texture": "#2"},
				"up": {"uv": [12.375, 7.125, 12, 6.75], "texture": "#2"},
				"down": {"uv": [12.375, 7.25, 12, 7.625], "texture": "#2"}
			}
		},
		{
			"from": [7.195, 5.405, 13.72125],
			"to": [7.425, 6.095, 14.98625],
			"rotation": {"angle": 0, "axis": "y", "origin": [-1.2, -0.345, 3.4]},
			"faces": {
				"north": {"uv": [7, 12.5, 7.125, 12.625], "texture": "#2"},
				"east": {"uv": [12.25, 4, 12.625, 4.125], "texture": "#2"},
				"south": {"uv": [12.5, 7, 12.625, 7.125], "texture": "#2"},
				"west": {"uv": [12.25, 4.25, 12.625, 4.375], "texture": "#2"},
				"up": {"uv": [4.625, 12.625, 4.5, 12.25], "texture": "#2"},
				"down": {"uv": [12.375, 4.5, 12.25, 4.875], "texture": "#2"}
			}
		},
		{
			"from": [8.575, 5.405, 13.72125],
			"to": [8.805, 6.095, 14.98625],
			"rotation": {"angle": 0, "axis": "y", "origin": [-1.2, -0.345, 3.4]},
			"faces": {
				"north": {"uv": [12.5, 7.25, 12.625, 7.375], "texture": "#2"},
				"east": {"uv": [12.25, 5, 12.625, 5.125], "texture": "#2"},
				"south": {"uv": [12.5, 7.5, 12.625, 7.625], "texture": "#2"},
				"west": {"uv": [5.25, 12.25, 5.625, 12.375], "texture": "#2"},
				"up": {"uv": [4.875, 12.625, 4.75, 12.25], "texture": "#2"},
				"down": {"uv": [12.375, 5.25, 12.25, 5.625], "texture": "#2"}
			}
		},
		{
			"from": [8.575, 5.405, 12.34125],
			"to": [8.805, 5.75, 13.72125],
			"rotation": {"angle": 0, "axis": "y", "origin": [-1.2, -0.345, 3.4]},
			"faces": {
				"north": {"uv": [7.75, 12.5, 7.875, 12.625], "texture": "#2"},
				"east": {"uv": [7.75, 12.25, 8.125, 12.375], "texture": "#2"},
				"south": {"uv": [12.5, 7.75, 12.625, 7.875], "texture": "#2"},
				"west": {"uv": [8.25, 12.25, 8.625, 12.375], "texture": "#2"},
				"up": {"uv": [12.375, 9.125, 12.25, 8.75], "texture": "#2"},
				"down": {"uv": [9.125, 12.25, 9, 12.625], "texture": "#2"}
			}
		},
		{
			"from": [7.195, 5.405, 12.34125],
			"to": [7.425, 5.75, 13.72125],
			"rotation": {"angle": 0, "axis": "y", "origin": [-1.2, -0.345, 3.4]},
			"faces": {
				"north": {"uv": [8, 12.5, 8.125, 12.625], "texture": "#2"},
				"east": {"uv": [9.25, 12.25, 9.625, 12.375], "texture": "#2"},
				"south": {"uv": [12.5, 8, 12.625, 8.125], "texture": "#2"},
				"west": {"uv": [12.25, 9.25, 12.625, 9.375], "texture": "#2"},
				"up": {"uv": [9.875, 12.625, 9.75, 12.25], "texture": "#2"},
				"down": {"uv": [10.125, 12.25, 10, 12.625], "texture": "#2"}
			}
		},
		{
			"from": [7.28125, 5.405, 14.2675],
			"to": [7.91375, 5.77875, 14.44],
			"rotation": {"angle": 0, "axis": "y", "origin": [-1.2, -0.345, 3.4]},
			"faces": {
				"north": {"uv": [8.25, 12.5, 8.375, 12.625], "texture": "#2"},
				"east": {"uv": [8.5, 12.5, 8.625, 12.625], "texture": "#2"},
				"south": {"uv": [12.5, 8.75, 12.625, 8.875], "texture": "#2"},
				"west": {"uv": [12.5, 9, 12.625, 9.125], "texture": "#2"},
				"up": {"uv": [9.375, 12.625, 9.25, 12.5], "texture": "#2"},
				"down": {"uv": [9.625, 12.5, 9.5, 12.625], "texture": "#2"}
			}
		},
		{
			"from": [8.08625, 5.405, 14.2675],
			"to": [8.71875, 5.77875, 14.44],
			"rotation": {"angle": 0, "axis": "y", "origin": [-1.2, -0.345, 3.4]},
			"faces": {
				"north": {"uv": [12.5, 10, 12.625, 10.125], "texture": "#2"},
				"east": {"uv": [10.25, 12.5, 10.375, 12.625], "texture": "#2"},
				"south": {"uv": [12.5, 10.25, 12.625, 10.375], "texture": "#2"},
				"west": {"uv": [10.5, 12.5, 10.625, 12.625], "texture": "#2"},
				"up": {"uv": [12.625, 10.625, 12.5, 10.5], "texture": "#2"},
				"down": {"uv": [10.875, 12.5, 10.75, 12.625], "texture": "#2"}
			}
		},
		{
			"from": [7.425, 3.84, 16.7975],
			"to": [8.575, 4.76, 20.10375],
			"rotation": {"angle": 0, "axis": "y", "origin": [-1.2, -0.0575, -2.35]},
			"faces": {
				"north": {"uv": [7.5, 1.25, 7.75, 1.5], "texture": "#2"},
				"east": {"uv": [2.5, 4, 3.375, 4.25], "texture": "#2"},
				"south": {"uv": [8, 5.25, 8.25, 5.5], "texture": "#2", "cullface": "south"},
				"west": {"uv": [6, 3, 6.875, 3.25], "texture": "#2"},
				"up": {"uv": [2.5, 3.375, 2.25, 2.5], "texture": "#2"},
				"down": {"uv": [5.75, 6.5, 5.5, 7.375], "texture": "#2"}
			}
		},
		{
			"from": [7.625, 3.54, 16.7975],
			"to": [8.375, 5.06, 20.10375],
			"rotation": {"angle": 0, "axis": "y", "origin": [-1.2, -0.0575, -2.35]},
			"faces": {
				"north": {"uv": [7.5, 1.25, 7.75, 1.5], "texture": "#2"},
				"east": {"uv": [2.5, 4, 3.375, 4.25], "texture": "#2"},
				"south": {"uv": [8, 5.25, 8.25, 5.5], "texture": "#2", "cullface": "south"},
				"west": {"uv": [6, 3, 6.875, 3.25], "texture": "#2"},
				"up": {"uv": [2.5, 3.375, 2.25, 2.5], "texture": "#2"},
				"down": {"uv": [5.75, 6.5, 5.5, 7.375], "texture": "#2"}
			}
		},
		{
			"from": [7.59625, 0.60375, 15.7625],
			"to": [8.40375, 1.3025, 21.12],
			"rotation": {"angle": -22.5, "axis": "x", "origin": [8, 1.38, 15.61875]},
			"faces": {
				"north": {"uv": [2.75, 3.25, 2.5, 3.5], "rotation": 180, "texture": "#2", "cullface": "down"},
				"east": {"uv": [3.25, 8.25, 3.5, 8.875], "rotation": 270, "texture": "#2"},
				"south": {"uv": [2.25, 3.5, 2, 3.25], "texture": "#2"},
				"west": {"uv": [8.25, 7.25, 8.5, 7.875], "rotation": 90, "texture": "#2"},
				"up": {"uv": [8, 5.75, 8.25, 6.375], "rotation": 180, "texture": "#2"},
				"down": {"uv": [4.5, 8.25, 4.75, 8.875], "texture": "#2", "cullface": "south"}
			}
		},
		{
			"from": [6.82125, 1.82313, 19.44312],
			"to": [9.17875, 5.63437, 20.79437],
			"rotation": {"angle": -22.5, "axis": "x", "origin": [8, 4.28375, 20.83687]},
			"faces": {
				"north": {"uv": [4.75, 6.5, 5.375, 7.375], "texture": "#2"},
				"east": {"uv": [10.75, 7, 11.125, 7.875], "texture": "#2"},
				"south": {"uv": [7.5, 0.25, 8.125, 1.125], "texture": "#2"},
				"west": {"uv": [10.75, 8, 11.125, 8.875], "texture": "#2"},
				"up": {"uv": [10.125, 0.375, 9.5, 0], "texture": "#2", "cullface": "south"},
				"down": {"uv": [2.375, 9.5, 1.75, 9.875], "texture": "#2"}
			}
		},
		{
			"from": [7.05125, 1.47813, 19.58687],
			"to": [8.94875, 5.51937, 21.25437],
			"rotation": {"angle": -22.5, "axis": "x", "origin": [8, 4.28375, 20.83687]},
			"faces": {
				"north": {"uv": [1.25, 0.5, 1.75, 1.5], "texture": "#2"},
				"east": {"uv": [4, 4.25, 4.375, 5.25], "texture": "#2"},
				"south": {"uv": [4, 0, 4.5, 1], "texture": "#2"},
				"west": {"uv": [6, 0.75, 6.375, 1.75], "texture": "#2"},
				"up": {"uv": [8.25, 11.125, 7.75, 10.75], "texture": "#2", "cullface": "south"},
				"down": {"uv": [9.25, 10.75, 8.75, 11.125], "texture": "#2"}
			}
		},
		{
			"from": [7.2525, -0.71875, 14.29625],
			"to": [8.7475, -0.25875, 16.13625],
			"rotation": {"angle": -22.5, "axis": "x", "origin": [8, 1.38, 15.61875]},
			"faces": {
				"north": {"uv": [10.25, 12.25, 10.625, 12.375], "texture": "#2"},
				"east": {"uv": [12, 10.75, 12.5, 10.875], "texture": "#2"},
				"south": {"uv": [10.75, 12.25, 11.125, 12.375], "texture": "#2", "cullface": "south"},
				"west": {"uv": [11, 12, 11.5, 12.125], "texture": "#2"},
				"up": {"uv": [9.625, 11.25, 9.25, 10.75], "texture": "#2"},
				"down": {"uv": [11.125, 10.25, 10.75, 10.75], "texture": "#2", "cullface": "down"}
			}
		}
	],
	"display": {}
}