{
	"credit": "Made with Blockbench",
	"texture_size": [32, 32],
	"textures": {
		"0": "cgm:item/machine_pistol",
		"particle": "cgm:item/machine_pistol"
	},
	"elements": [
		{
			"from": [6.75, 1.75, 10],
			"to": [9.25, 3.5, 13],
			"rotation": {"angle": 0, "axis": "y", "origin": [0, -0.75, -1.2]},
			"faces": {
				"north": {"uv": [5.5, 3, 6.75, 4], "texture": "#0"},
				"east": {"uv": [5.5, 1, 7, 2], "texture": "#0"},
				"south": {"uv": [6.5, 4, 7.75, 5], "texture": "#0"},
				"west": {"uv": [5.5, 2, 7, 3], "texture": "#0"},
				"up": {"uv": [1.25, 5, 0, 3.5], "texture": "#0"},
				"down": {"uv": [4.25, 4, 3, 5.5], "texture": "#0"}
			}
		},
		{
			"from": [7, 3.5, 10],
			"to": [9, 4.5, 13],
			"rotation": {"angle": 0, "axis": "y", "origin": [0, -0.75, -1.2]},
			"faces": {
				"north": {"uv": [9.5, 8.5, 10.5, 9], "texture": "#0"},
				"east": {"uv": [8, 8.5, 9.5, 9], "texture": "#0"},
				"south": {"uv": [9, 9.5, 10, 10], "texture": "#0"},
				"west": {"uv": [9, 0, 10.5, 0.5], "texture": "#0"},
				"up": {"uv": [4, 7, 3, 5.5], "texture": "#0"},
				"down": {"uv": [1, 6, 0, 7.5], "texture": "#0"}
			}
		},
		{
			"from": [7.5, -3.2, 11],
			"to": [8.5, 3.05, 12.5],
			"rotation": {"angle": 0, "axis": "y", "origin": [8, 1.70625, 6.25]},
			"faces": {
				"north": {"uv": [2, 5, 2.5, 8.25], "texture": "#0"},
				"east": {"uv": [0, 0, 0.75, 3.25], "texture": "#0"},
				"south": {"uv": [2.5, 5, 3, 8.25], "texture": "#0", "cullface": "down"},
				"west": {"uv": [1, 0, 1.75, 3.25], "texture": "#0"},
				"down": {"uv": [10.5, 4, 10, 4.75], "texture": "#0", "cullface": "down"}
			}
		},
		{
			"from": [7, 1.05, 10.75],
			"to": [9, 1.8, 12.75],
			"rotation": {"angle": 0, "axis": "y", "origin": [8, 1.70625, 6.25]},
			"faces": {
				"north": {"uv": [9, 8, 10, 8.5], "texture": "#0"},
				"east": {"uv": [9, 9, 10, 9.5], "texture": "#0"},
				"south": {"uv": [1, 9.5, 2, 10], "texture": "#0", "cullface": "down"},
				"west": {"uv": [9.5, 3, 10.5, 3.5], "texture": "#0"},
				"up": {"uv": [9, 1, 8, 0], "texture": "#0"},
				"down": {"uv": [9, 4, 8, 5], "texture": "#0"}
			}
		},
		{
			"from": [7.5, 0.85, 12.5],
			"to": [8.5, 1.6, 13],
			"rotation": {"angle": 0, "axis": "y", "origin": [8, 1.70625, 11.5]},
			"faces": {
				"north": {"uv": [4, 5.5, 4.5, 6], "texture": "#0"},
				"east": {"uv": [10.5, 10.5, 10.75, 11], "texture": "#0"},
				"south": {"uv": [9, 10, 9.5, 10.5], "texture": "#0", "cullface": "down"},
				"west": {"uv": [11, 0, 11.25, 0.5], "texture": "#0"},
				"up": {"uv": [11.5, 0.75, 11, 0.5], "texture": "#0"},
				"down": {"uv": [5, 11, 4.5, 11.25], "texture": "#0", "cullface": "down"}
			}
		},
		{
			"from": [7.75, 0.85, 13],
			"to": [8.25, 1.35, 14.25],
			"rotation": {"angle": 0, "axis": "y", "origin": [8, 1.70625, 11.5]},
			"faces": {
				"north": {"uv": [11, 10.5, 11.25, 10.75], "texture": "#0"},
				"east": {"uv": [10.5, 5, 11.25, 5.25], "texture": "#0"},
				"south": {"uv": [11, 11, 11.25, 11.25], "texture": "#0", "cullface": "down"},
				"west": {"uv": [5.5, 10.5, 6.25, 10.75], "texture": "#0"},
				"up": {"uv": [10.75, 6.25, 10.5, 5.5], "texture": "#0"},
				"down": {"uv": [6.75, 10.5, 6.5, 11.25], "texture": "#0", "cullface": "down"}
			}
		},
		{
			"from": [7.5, 0.6, 14.25],
			"to": [8.5, 1.35, 16.5],
			"rotation": {"angle": 0, "axis": "y", "origin": [8, 2.20625, 10.25]},
			"faces": {
				"north": {"uv": [10, 9, 10.5, 9.5], "texture": "#0"},
				"east": {"uv": [9, 0.5, 10.25, 1], "texture": "#0"},
				"south": {"uv": [9.5, 10, 10, 10.5], "texture": "#0", "cullface": "down"},
				"west": {"uv": [9, 5, 10.25, 5.5], "texture": "#0"},
				"up": {"uv": [3.5, 10.25, 3, 9], "texture": "#0"},
				"down": {"uv": [9.5, 5.5, 9, 6.75], "texture": "#0", "cullface": "down"}
			}
		},
		{
			"from": [7.5, 1.35, 14.25],
			"to": [8.5, 2.1, 14.5],
			"rotation": {"angle": 0, "axis": "y", "origin": [8, 2.20625, 10.25]},
			"faces": {
				"north": {"uv": [10, 9.5, 10.5, 10], "texture": "#0"},
				"east": {"uv": [5, 11, 5.25, 11.5], "texture": "#0"},
				"south": {"uv": [10, 10, 10.5, 10.5], "texture": "#0", "cullface": "down"},
				"west": {"uv": [5.5, 11, 5.75, 11.5], "texture": "#0"},
				"up": {"uv": [11.5, 5.75, 11, 5.5], "texture": "#0"},
				"down": {"uv": [6.5, 11, 6, 11.25], "texture": "#0", "cullface": "down"}
			}
		},
		{
			"from": [7.75, 1.45, 15],
			"to": [8.25, 1.95, 15.5],
			"rotation": {"angle": 0, "axis": "y", "origin": [0, -2.3, 10.5]},
			"faces": {
				"north": {"uv": [0, 11.5, 0.25, 11.75], "texture": "#0"},
				"east": {"uv": [11.5, 0, 11.75, 0.25], "texture": "#0"},
				"west": {"uv": [0.5, 11.5, 0.75, 11.75], "texture": "#0"},
				"down": {"uv": [11.75, 0.5, 11.5, 0.75], "texture": "#0"}
			}
		},
		{
			"from": [7.25, -0.675, 15.625],
			"to": [8.75, 2.575, 16.875],
			"rotation": {"angle": -22.5, "axis": "x", "origin": [8, 1.7, 17.125]},
			"faces": {
				"north": {"uv": [1, 6, 1.75, 7.75], "texture": "#0"},
				"east": {"uv": [4, 6, 4.75, 7.75], "texture": "#0"},
				"south": {"uv": [5, 6, 5.75, 7.75], "texture": "#0", "cullface": "south"},
				"west": {"uv": [6, 6, 6.75, 7.75], "texture": "#0"},
				"down": {"uv": [6.75, 9, 6, 9.75], "texture": "#0", "cullface": "down"}
			}
		},
		{
			"from": [6.3832, 2.5458, 12.8294],
			"to": [9.6168, 3.3542, 14.2441],
			"rotation": {"angle": -22.5, "axis": "z", "origin": [8, 2.95, 13.6378]},
			"faces": {
				"north": {"uv": [8.5, 1.5, 10, 2], "texture": "#0"},
				"east": {"uv": [4.5, 10, 5.25, 10.5], "texture": "#0"},
				"south": {"uv": [2, 8.5, 3.5, 9], "texture": "#0"},
				"west": {"uv": [5.5, 10, 6.25, 10.5], "texture": "#0"},
				"up": {"uv": [8.5, 3.75, 7, 3], "texture": "#0"},
				"down": {"uv": [8.5, 5, 7, 5.75], "texture": "#0"}
			}
		},
		{
			"from": [6.3832, 2.5458, 12.8294],
			"to": [9.6168, 3.3542, 14.2441],
			"rotation": {"angle": 22.5, "axis": "z", "origin": [8, 2.95, 13.6378]},
			"faces": {
				"north": {"uv": [8.5, 2, 10, 2.5], "texture": "#0"},
				"east": {"uv": [6.5, 10, 7.25, 10.5], "texture": "#0"},
				"south": {"uv": [8.5, 2.5, 10, 3], "texture": "#0"},
				"west": {"uv": [10, 7, 10.75, 7.5], "texture": "#0"},
				"up": {"uv": [8.5, 6.75, 7, 6], "texture": "#0"},
				"down": {"uv": [8.5, 7, 7, 7.75], "texture": "#0"}
			}
		},
		{
			"from": [7.5958, 1.3332, 12.8294],
			"to": [8.4042, 4.5668, 14.2441],
			"rotation": {"angle": -22.5, "axis": "z", "origin": [8, 2.95, 13.6378]},
			"faces": {
				"north": {"uv": [1.5, 3.5, 2, 5], "texture": "#0"},
				"east": {"uv": [3, 7, 3.75, 8.5], "texture": "#0"},
				"south": {"uv": [3.5, 8.5, 4, 10], "texture": "#0"},
				"west": {"uv": [0, 7.5, 0.75, 9], "texture": "#0"},
				"up": {"uv": [8, 10.75, 7.5, 10], "texture": "#0"},
				"down": {"uv": [10.5, 7.5, 10, 8.25], "texture": "#0"}
			}
		},
		{
			"from": [7.5958, 1.3332, 12.8294],
			"to": [8.4042, 4.5668, 14.2441],
			"rotation": {"angle": 22.5, "axis": "z", "origin": [8, 2.95, 13.6378]},
			"faces": {
				"north": {"uv": [8.5, 5, 9, 6.5], "texture": "#0"},
				"east": {"uv": [1, 8, 1.75, 9.5], "texture": "#0"},
				"south": {"uv": [8.5, 6.5, 9, 8], "texture": "#0"},
				"west": {"uv": [4, 8, 4.75, 9.5], "texture": "#0"},
				"up": {"uv": [8.5, 10.75, 8, 10], "texture": "#0"},
				"down": {"uv": [9, 10, 8.5, 10.75], "texture": "#0"}
			}
		},
		{
			"from": [7, 4.45, 15.75],
			"to": [7.5, 5.2, 17.75],
			"faces": {
				"north": {"uv": [11, 6, 11.25, 6.5], "texture": "#0"},
				"east": {"uv": [9.5, 3.5, 10.5, 4], "texture": "#0"},
				"south": {"uv": [11, 7, 11.25, 7.5], "texture": "#0"},
				"west": {"uv": [4, 9.5, 5, 10], "texture": "#0"},
				"up": {"uv": [0.25, 11.5, 0, 10.5], "texture": "#0"},
				"down": {"uv": [10.75, 0, 10.5, 1], "texture": "#0"}
			}
		},
		{
			"from": [8.5, 4.45, 15.75],
			"to": [9, 5.2, 17.75],
			"faces": {
				"north": {"uv": [7.5, 11, 7.75, 11.5], "texture": "#0"},
				"east": {"uv": [9.5, 5.5, 10.5, 6], "texture": "#0"},
				"south": {"uv": [8, 11, 8.25, 11.5], "texture": "#0"},
				"west": {"uv": [9.5, 6, 10.5, 6.5], "texture": "#0"},
				"up": {"uv": [0.75, 11.5, 0.5, 10.5], "texture": "#0"},
				"down": {"uv": [1.25, 10.5, 1, 11.5], "texture": "#0"}
			}
		},
		{
			"from": [8.5, 4.25, 14.25],
			"to": [9, 4.75, 15.75],
			"faces": {
				"north": {"uv": [11.5, 5, 11.75, 5.25], "texture": "#0"},
				"east": {"uv": [10.5, 6.5, 11.25, 6.75], "texture": "#0"},
				"south": {"uv": [5.5, 11.5, 5.75, 11.75], "texture": "#0"},
				"west": {"uv": [10.5, 7.5, 11.25, 7.75], "texture": "#0"},
				"up": {"uv": [7.25, 11.25, 7, 10.5], "texture": "#0"},
				"down": {"uv": [10.75, 8, 10.5, 8.75], "texture": "#0"}
			}
		},
		{
			"from": [7, 4.25, 14.25],
			"to": [7.5, 4.75, 15.75],
			"faces": {
				"north": {"uv": [11.5, 5.5, 11.75, 5.75], "texture": "#0"},
				"east": {"uv": [9, 10.5, 9.75, 10.75], "texture": "#0"},
				"south": {"uv": [6, 11.5, 6.25, 11.75], "texture": "#0"},
				"west": {"uv": [10.5, 9, 11.25, 9.25], "texture": "#0"},
				"up": {"uv": [10.75, 10.25, 10.5, 9.5], "texture": "#0"},
				"down": {"uv": [10.25, 10.5, 10, 11.25], "texture": "#0"}
			}
		},
		{
			"from": [7, 4.5, 11],
			"to": [7.5, 4.75, 14.25],
			"faces": {
				"north": {"uv": [1, 11.5, 1.25, 11.75], "texture": "#0"},
				"east": {"uv": [0, 10, 1.75, 10.25], "texture": "#0"},
				"south": {"uv": [11.5, 1, 11.75, 1.25], "texture": "#0"},
				"west": {"uv": [10, 1.5, 11.75, 1.75], "texture": "#0"},
				"up": {"uv": [2.25, 11.75, 2, 10], "texture": "#0"},
				"down": {"uv": [2.75, 10, 2.5, 11.75], "texture": "#0"}
			}
		},
		{
			"from": [8.5, 4.5, 11],
			"to": [9, 4.75, 14.25],
			"faces": {
				"north": {"uv": [1.5, 11.5, 1.75, 11.75], "texture": "#0"},
				"east": {"uv": [10, 2, 11.75, 2.25], "texture": "#0"},
				"south": {"uv": [3, 11.5, 3.25, 11.75], "texture": "#0"},
				"west": {"uv": [10, 2.5, 11.75, 2.75], "texture": "#0"},
				"up": {"uv": [3.75, 11.75, 3.5, 10], "texture": "#0"},
				"down": {"uv": [4.25, 10, 4, 11.75], "texture": "#0"}
			}
		},
		{
			"from": [7, 4.7, 10.5],
			"to": [7.5, 5.45, 11],
			"faces": {
				"north": {"uv": [11, 8, 11.25, 8.5], "texture": "#0"},
				"east": {"uv": [8.5, 11, 8.75, 11.5], "texture": "#0"},
				"south": {"uv": [11, 8.5, 11.25, 9], "texture": "#0"},
				"west": {"uv": [9, 11, 9.25, 11.5], "texture": "#0"},
				"up": {"uv": [11.75, 3.25, 11.5, 3], "texture": "#0"},
				"down": {"uv": [11.75, 3.5, 11.5, 3.75], "texture": "#0"}
			}
		},
		{
			"from": [8.5, 4.7, 10.5],
			"to": [9, 5.45, 11],
			"faces": {
				"north": {"uv": [9.5, 11, 9.75, 11.5], "texture": "#0"},
				"east": {"uv": [11, 9.5, 11.25, 10], "texture": "#0"},
				"south": {"uv": [11, 10, 11.25, 10.5], "texture": "#0"},
				"west": {"uv": [10.5, 11, 10.75, 11.5], "texture": "#0"},
				"up": {"uv": [11.75, 4.25, 11.5, 4], "texture": "#0"},
				"down": {"uv": [4.75, 11.5, 4.5, 11.75], "texture": "#0"}
			}
		},
		{
			"from": [7, 4.5, 10.5],
			"to": [9, 4.75, 11],
			"faces": {
				"north": {"uv": [10.5, 1, 11.5, 1.25], "texture": "#0"},
				"east": {"uv": [11.5, 4.5, 11.75, 4.75], "texture": "#0"},
				"south": {"uv": [10.5, 3, 11.5, 3.25], "texture": "#0"},
				"west": {"uv": [5, 11.5, 5.25, 11.75], "texture": "#0"},
				"up": {"uv": [11.5, 3.75, 10.5, 3.5], "texture": "#0"},
				"down": {"uv": [11.5, 4, 10.5, 4.25], "texture": "#0"}
			}
		},
		{
			"from": [7, 1.95, 14.25],
			"to": [9, 2.7, 17.75],
			"rotation": {"angle": 0, "axis": "y", "origin": [0, -0.3, 4.5]},
			"faces": {
				"north": {"uv": [9.5, 6.5, 10.5, 7], "texture": "#0"},
				"east": {"uv": [7, 8, 8.75, 8.5], "texture": "#0"},
				"south": {"uv": [7, 9.5, 8, 10], "texture": "#0"},
				"west": {"uv": [8.5, 1, 10.25, 1.5], "texture": "#0"},
				"up": {"uv": [5.5, 1.75, 4.5, 0], "texture": "#0"},
				"down": {"uv": [5.5, 2, 4.5, 3.75], "texture": "#0"}
			}
		},
		{
			"from": [7, 2.7, 14.5],
			"to": [9, 4.2, 17.5],
			"rotation": {"angle": 0, "axis": "y", "origin": [0, -0.3, 4.5]},
			"faces": {
				"north": {"uv": [8.5, 3, 9.5, 3.75], "texture": "#0"},
				"east": {"uv": [4.5, 5, 6.75, 5.75], "texture": "#0"},
				"south": {"uv": [7, 8.5, 8, 9.25], "texture": "#0"},
				"west": {"uv": [5.5, 0, 7.75, 0.75], "texture": "#0"},
				"up": {"uv": [3, 2.25, 2, 0], "texture": "#0"},
				"down": {"uv": [3, 2.5, 2, 4.75], "texture": "#0"}
			}
		},
		{
			"from": [6.751, 2.71, 14.251],
			"to": [9.251, 4.46, 17.751],
			"rotation": {"angle": 0, "axis": "y", "origin": [0, -0.05, -0.5]},
			"faces": {
				"north": {"uv": [7, 1, 8.25, 2], "texture": "#0"},
				"east": {"uv": [4.5, 4, 6.25, 5], "texture": "#0"},
				"south": {"uv": [7, 2, 8.25, 3], "texture": "#0", "cullface": "south"},
				"west": {"uv": [0, 5, 1.75, 6], "texture": "#0"},
				"up": {"uv": [4.25, 1.75, 3, 0], "texture": "#0"},
				"down": {"uv": [4.25, 2, 3, 3.75], "texture": "#0"}
			}
		},
		{
			"from": [7, 2.25, 9.5],
			"to": [9, 4.25, 10],
			"rotation": {"angle": 0, "axis": "y", "origin": [1.28, 0, 1.28]},
			"faces": {
				"north": {"uv": [5, 8, 6, 9], "texture": "#0"},
				"east": {"uv": [1.5, 10.5, 1.75, 11.5], "texture": "#0"},
				"south": {"uv": [6, 8, 7, 9], "texture": "#0"},
				"west": {"uv": [3, 10.5, 3.25, 11.5], "texture": "#0"},
				"up": {"uv": [5.5, 10.75, 4.5, 10.5], "texture": "#0"},
				"down": {"uv": [11.5, 4.5, 10.5, 4.75], "texture": "#0"}
			}
		},
		{
			"from": [7.25, 2.5, 7.5],
			"to": [8.75, 4, 9.5],
			"rotation": {"angle": 0, "axis": "y", "origin": [1.28, 0, 1.28]},
			"faces": {
				"north": {"uv": [9, 7, 9.75, 7.75], "texture": "#0"},
				"east": {"uv": [0, 9, 1, 9.75], "texture": "#0"},
				"south": {"uv": [8, 9, 8.75, 9.75], "texture": "#0"},
				"west": {"uv": [2, 9, 3, 9.75], "texture": "#0"},
				"up": {"uv": [9.75, 5, 9, 4], "texture": "#0"},
				"down": {"uv": [5.75, 9, 5, 10], "texture": "#0"}
			}
		}
	],
	"groups": [
		0,
		1,
		2,
		3,
		4,
		5,
		6,
		7,
		8,
		9,
		{
			"name": "cog",
			"origin": [8, 2.95, 9.25],
			"color": 0,
			"children": [10, 11, 12, 13]
		},
		14,
		15,
		16,
		17,
		18,
		19,
		20,
		21,
		22,
		23,
		24,
		25,
		26,
		27
	]
}