{
	"credit": "Made with Blockbench",
	"texture_size": [32, 32],
	"textures": {
		"2": "cgm:item/pistol",
		"particle": "cgm:item/brass_slag"
	},
	"elements": [
		{
			"from": [7.75, 1.55, 13.75],
			"to": [8.25, 2.05, 14.25],
			"rotation": {"angle": 0, "axis": "y", "origin": [0, -0.5, 0.05]},
			"faces": {
				"north": {"uv": [4, 8, 4.25, 8.25], "texture": "#2"},
				"east": {"uv": [4.5, 8, 4.75, 8.25], "texture": "#2"},
				"south": {"uv": [8, 4.5, 8.25, 4.75], "texture": "#2"},
				"west": {"uv": [5, 8, 5.25, 8.25], "texture": "#2"},
				"up": {"uv": [8.25, 5.25, 8, 5], "texture": "#2"},
				"down": {"uv": [5.75, 8, 5.5, 8.25], "texture": "#2"}
			}
		},
		{
			"from": [7.25, -0.7, 15],
			"to": [8.75, 2.8, 16.5],
			"rotation": {"angle": -22.5, "axis": "x", "origin": [8, 0.55, 15.75]},
			"faces": {
				"north": {"uv": [5, 0, 5.75, 1.75], "texture": "#2"},
				"east": {"uv": [5, 2, 5.75, 3.75], "texture": "#2"},
				"south": {"uv": [5, 4, 5.75, 5.75], "texture": "#2"},
				"west": {"uv": [1, 5.5, 1.75, 7.25], "texture": "#2"},
				"up": {"uv": [4.75, 7.75, 4, 7], "texture": "#2"},
				"down": {"uv": [7.75, 4.5, 7, 5.25], "texture": "#2"}
			}
		},
		{
			"from": [7.35, -1.2, 14.9],
			"to": [8.65, 2.8, 16.6],
			"rotation": {"angle": -22.5, "axis": "x", "origin": [8, 0.55, 15.75]},
			"faces": {
				"north": {"uv": [5, 0, 5.75, 1.75], "texture": "#2"},
				"east": {"uv": [5, 2, 5.75, 3.75], "texture": "#2"},
				"south": {"uv": [5, 4, 5.75, 5.75], "texture": "#2"},
				"west": {"uv": [1, 5.5, 1.75, 7.25], "texture": "#2"},
				"up": {"uv": [4.75, 7.75, 4, 7], "texture": "#2"},
				"down": {"uv": [7.75, 4.5, 7, 5.25], "texture": "#2"}
			}
		},
		{
			"from": [7, 2.05, 12.3],
			"to": [9, 4.05, 16.05],
			"rotation": {"angle": 0, "axis": "y", "origin": [0, -0.75, -0.45]},
			"faces": {
				"north": {"uv": [6, 4.5, 7, 5.5], "texture": "#2"},
				"east": {"uv": [0, 0, 2, 1], "texture": "#2"},
				"south": {"uv": [5, 6, 6, 7], "texture": "#2"},
				"west": {"uv": [0, 1, 2, 2], "texture": "#2"},
				"up": {"uv": [1, 4, 0, 2], "texture": "#2"},
				"down": {"uv": [3, 0, 2, 2], "texture": "#2"}
			}
		},
		{
			"from": [7.25, 2.55, 8.55],
			"to": [8.75, 4.05, 12.3],
			"rotation": {"angle": 0, "axis": "y", "origin": [0, -0.75, -0.45]},
			"faces": {
				"north": {"uv": [5, 7, 5.75, 7.75], "texture": "#2"},
				"east": {"uv": [3, 0, 5, 0.75], "texture": "#2"},
				"south": {"uv": [7, 5.5, 7.75, 6.25], "texture": "#2"},
				"west": {"uv": [3, 1, 5, 1.75], "texture": "#2"},
				"up": {"uv": [1.75, 5.5, 1, 3.5], "texture": "#2"},
				"down": {"uv": [4.75, 2, 4, 4], "texture": "#2"}
			}
		},
		{
			"from": [7.2, 2.5, 8.05],
			"to": [8.8, 4.1, 8.55],
			"rotation": {"angle": 0, "axis": "y", "origin": [0, -0.75, -0.45]},
			"faces": {
				"north": {"uv": [6, 5.5, 7, 6.5], "texture": "#2"},
				"east": {"uv": [7, 7.5, 7.25, 8.5], "texture": "#2"},
				"south": {"uv": [0, 6.5, 1, 7.5], "texture": "#2"},
				"west": {"uv": [7.5, 7.5, 7.75, 8.5], "texture": "#2"},
				"up": {"uv": [8.5, 4.25, 7.5, 4], "texture": "#2"},
				"down": {"uv": [2, 8, 1, 8.25], "texture": "#2"}
			}
		},
		{
			"from": [7.5, 1.55, 8.8],
			"to": [8.5, 2.55, 12.3],
			"rotation": {"angle": 0, "axis": "y", "origin": [0, -0.75, -0.45]},
			"faces": {
				"north": {"uv": [3.5, 3.5, 4, 4], "texture": "#2"},
				"east": {"uv": [6, 1, 7.75, 1.5], "texture": "#2"},
				"south": {"uv": [7.5, 3.5, 8, 4], "texture": "#2"},
				"west": {"uv": [6, 6.5, 7.75, 7], "texture": "#2"},
				"up": {"uv": [2.5, 8.75, 2, 7], "texture": "#2"},
				"down": {"uv": [3, 7, 2.5, 8.75], "texture": "#2"}
			}
		},
		{
			"from": [6.75, 1.3, 11.05],
			"to": [9.25, 3.3, 13.3],
			"rotation": {"angle": 0, "axis": "y", "origin": [0, -0.75, -0.45]},
			"faces": {
				"north": {"uv": [2, 3.5, 3.25, 4.5], "texture": "#2"},
				"east": {"uv": [3.5, 4, 4.75, 5], "texture": "#2"},
				"south": {"uv": [6, 0, 7.25, 1], "texture": "#2"},
				"west": {"uv": [6, 3.5, 7.25, 4.5], "texture": "#2"},
				"up": {"uv": [2.25, 3.25, 1, 2], "texture": "#2"},
				"down": {"uv": [3.75, 2, 2.5, 3.25], "texture": "#2"}
			}
		},
		{
			"from": [7.5, 2.05, 15.2],
			"to": [8.5, 3.05, 16.8],
			"rotation": {"angle": -22.5, "axis": "x", "origin": [8, 2.3, 16.25]},
			"faces": {
				"north": {"uv": [0, 6, 0.5, 6.5], "texture": "#2"},
				"east": {"uv": [3, 5, 3.75, 5.5], "texture": "#2"},
				"south": {"uv": [0.5, 6, 1, 6.5], "texture": "#2"},
				"west": {"uv": [4, 5, 4.75, 5.5], "texture": "#2"},
				"up": {"uv": [3.5, 6.25, 3, 5.5], "texture": "#2"},
				"down": {"uv": [4, 5.5, 3.5, 6.25], "texture": "#2"}
			}
		},
		{
			"from": [7.5, 0.8, 13.2],
			"to": [8.5, 1.3, 15.3],
			"rotation": {"angle": 0, "axis": "y", "origin": [0, -0.75, -0.45]},
			"faces": {
				"north": {"uv": [8, 3, 8.5, 3.25], "texture": "#2"},
				"east": {"uv": [0, 7.5, 1, 7.75], "texture": "#2"},
				"south": {"uv": [8, 3.5, 8.5, 3.75], "texture": "#2"},
				"west": {"uv": [1, 7.5, 2, 7.75], "texture": "#2"},
				"up": {"uv": [6.5, 8, 6, 7], "texture": "#2"},
				"down": {"uv": [7, 7, 6.5, 8], "texture": "#2"}
			}
		},
		{
			"from": [7.5, 3.05, 14.45],
			"to": [8.5, 4.3, 16.3],
			"rotation": {"angle": 0, "axis": "y", "origin": [0, -0.75, -0.45]},
			"faces": {
				"north": {"uv": [4, 5.5, 4.5, 6.25], "texture": "#2"},
				"east": {"uv": [0, 4, 1, 4.75], "texture": "#2"},
				"south": {"uv": [4.5, 5.5, 5, 6.25], "texture": "#2"},
				"west": {"uv": [0, 5, 1, 5.75], "texture": "#2"},
				"up": {"uv": [2.5, 6, 2, 5], "texture": "#2"},
				"down": {"uv": [3, 5, 2.5, 6], "texture": "#2"}
			}
		},
		{
			"from": [7.95, 3.05, 8.2],
			"to": [8.05, 4.35, 8.5],
			"rotation": {"angle": 0, "axis": "y", "origin": [0, -0.75, -0.45]},
			"faces": {
				"north": {"uv": [8, 3, 8.5, 3.25], "texture": "#2"},
				"east": {"uv": [0, 7.5, 1, 7.75], "texture": "#2"},
				"south": {"uv": [8, 3.5, 8.5, 3.75], "texture": "#2"},
				"west": {"uv": [1, 7.5, 2, 7.75], "texture": "#2"},
				"up": {"uv": [6.5, 8, 6, 7], "texture": "#2"},
				"down": {"uv": [7, 7, 6.5, 8], "texture": "#2"}
			}
		},
		{
			"from": [7.575, 3.05, 15.5],
			"to": [7.825, 4.55, 16.1],
			"rotation": {"angle": 0, "axis": "y", "origin": [0, -0.75, -0.45]},
			"faces": {
				"north": {"uv": [8, 3, 8.5, 3.25], "texture": "#2"},
				"east": {"uv": [0, 7.5, 1, 7.75], "texture": "#2"},
				"south": {"uv": [8, 3.5, 8.5, 3.75], "texture": "#2"},
				"west": {"uv": [1, 7.5, 2, 7.75], "texture": "#2"},
				"up": {"uv": [6.5, 8, 6, 7], "texture": "#2"},
				"down": {"uv": [7, 7, 6.5, 8], "texture": "#2"}
			}
		},
		{
			"from": [8.175, 3.05, 15.5],
			"to": [8.425, 4.55, 16.1],
			"rotation": {"angle": 0, "axis": "y", "origin": [0, -0.75, -0.45]},
			"faces": {
				"north": {"uv": [8, 3, 8.5, 3.25], "texture": "#2"},
				"east": {"uv": [0, 7.5, 1, 7.75], "texture": "#2"},
				"south": {"uv": [8, 3.5, 8.5, 3.75], "texture": "#2"},
				"west": {"uv": [1, 7.5, 2, 7.75], "texture": "#2"},
				"up": {"uv": [6.5, 8, 6, 7], "texture": "#2"},
				"down": {"uv": [7, 7, 6.5, 8], "texture": "#2"}
			}
		},
		{
			"from": [7.5, 0.8, 10.55],
			"to": [8.5, 1.55, 13.2],
			"rotation": {"angle": 0, "axis": "y", "origin": [0, -0.75, -0.45]},
			"faces": {
				"north": {"uv": [8, 2, 8.5, 2.25], "texture": "#2"},
				"east": {"uv": [2, 4.5, 3.5, 4.75], "texture": "#2"},
				"south": {"uv": [8, 2.5, 8.5, 2.75], "texture": "#2"},
				"west": {"uv": [7, 7, 8.5, 7.25], "texture": "#2"},
				"up": {"uv": [3.5, 8.5, 3, 7], "texture": "#2"},
				"down": {"uv": [4, 7, 3.5, 8.5], "texture": "#2"}
			}
		}
	],
	"display": {}
}