{
	"credit": "Made with Blockbench",
	"texture_size": [32, 32],
	"textures": {
		"1": "cgm:item/rifle",
		"particle": "cgm:item/rifle"
	},
	"elements": [
		{
			"from": [7, 2.55, -4.25],
			"to": [9, 4.55, -3.75],
			"rotation": {"angle": 0, "axis": "y", "origin": [0, -0.5, -4.25]},
			"faces": {
				"north": {"uv": [9, 9, 10.25, 10.25], "texture": "#1"},
				"east": {"uv": [7.5, 11.5, 7.75, 12.75], "texture": "#1"},
				"south": {"uv": [9.5, 2, 10.75, 3.25], "texture": "#1"},
				"west": {"uv": [11.5, 8, 11.75, 9.25], "texture": "#1"},
				"up": {"uv": [9.75, 11.75, 8.5, 11.5], "texture": "#1"},
				"down": {"uv": [12.25, 11.5, 11, 11.75], "texture": "#1"}
			}
		},
		{
			"from": [7.25, 4.3, 3.75],
			"to": [8.75, 4.8, 7.75],
			"rotation": {"angle": 0, "axis": "y", "origin": [0, -0.5, -4.25]},
			"faces": {
				"north": {"uv": [7, 9.5, 7.75, 9.75], "texture": "#1"},
				"east": {"uv": [6.5, 1.5, 8.5, 1.75], "texture": "#1"},
				"south": {"uv": [10, 3.5, 10.75, 3.75], "texture": "#1"},
				"west": {"uv": [0, 7, 2, 7.25], "texture": "#1"},
				"up": {"uv": [9.25, 2, 8.5, 0], "texture": "#1"},
				"down": {"uv": [2.75, 8.5, 2, 10.5], "texture": "#1"}
			}
		},
		{
			"from": [7.25, 4.3, 9.75],
			"to": [8.75, 4.8, 13.75],
			"rotation": {"angle": 0, "axis": "y", "origin": [0, -0.5, -4.25]},
			"faces": {
				"north": {"uv": [4, 6.5, 4.75, 6.75], "texture": "#1"},
				"east": {"uv": [0, 6, 2, 6.25], "texture": "#1"},
				"south": {"uv": [4.5, 9.5, 5.25, 9.75], "texture": "#1"},
				"west": {"uv": [0, 6.5, 2, 6.75], "texture": "#1"},
				"up": {"uv": [4.25, 6.5, 3.5, 4.5], "texture": "#1"},
				"down": {"uv": [6.25, 0, 5.5, 2], "texture": "#1"}
			}
		},
		{
			"from": [7.5, 4.3, -3.25],
			"to": [8.5, 4.8, 3.75],
			"rotation": {"angle": 0, "axis": "y", "origin": [0, -0.5, -4.25]},
			"faces": {
				"north": {"uv": [4.5, 4.5, 5, 4.75], "texture": "#1"},
				"east": {"uv": [11.5, 0, 15.25, 0.25], "texture": "#1"},
				"south": {"uv": [4.5, 5, 5, 5.25], "texture": "#1"},
				"west": {"uv": [12, 9, 15.75, 9.25], "texture": "#1"},
				"up": {"uv": [3.5, 5.75, 3, 2], "texture": "#1"},
				"down": {"uv": [5.5, 0, 5, 3.75], "texture": "#1"}
			}
		},
		{
			"from": [7, 2.3, 6.75],
			"to": [9, 4.3, 9.75],
			"rotation": {"angle": 0, "axis": "y", "origin": [0, -0.5, -0.5]},
			"faces": {
				"north": {"uv": [9.5, 0, 10.5, 1], "texture": "#1"},
				"east": {"uv": [0, 7.5, 1.5, 8.5], "texture": "#1"},
				"south": {"uv": [9.5, 1, 10.5, 2], "texture": "#1"},
				"west": {"uv": [7.5, 4, 9, 5], "texture": "#1"},
				"up": {"uv": [8.5, 6.5, 7.5, 5], "texture": "#1"},
				"down": {"uv": [4, 8, 3, 9.5], "texture": "#1"}
			}
		},
		{
			"from": [7.5, 0.3, 11.5],
			"to": [8.5, 0.8, 13.25],
			"rotation": {"angle": 0, "axis": "y", "origin": [0, -0.5, -0.5]},
			"faces": {
				"north": {"uv": [13, 13.5, 13.5, 13.75], "texture": "#1"},
				"east": {"uv": [13.5, 7, 14.5, 7.25], "texture": "#1"},
				"south": {"uv": [13.5, 13, 14, 13.25], "texture": "#1"},
				"west": {"uv": [7.5, 13.5, 8.5, 13.75], "texture": "#1"},
				"up": {"uv": [4, 14.5, 3.5, 13.5], "texture": "#1"},
				"down": {"uv": [4.5, 13.5, 4, 14.5], "texture": "#1"}
			}
		},
		{
			"from": [7.5, 0.3, 7.5],
			"to": [8.5, 0.8, 9.75],
			"rotation": {"angle": 0, "axis": "y", "origin": [0, -0.5, -0.5]},
			"faces": {
				"north": {"uv": [14, 2, 14.5, 2.25], "texture": "#1"},
				"east": {"uv": [13.5, 5.5, 14.75, 5.75], "texture": "#1"},
				"south": {"uv": [14, 2.5, 14.5, 2.75], "texture": "#1"},
				"west": {"uv": [6, 13.5, 7.25, 13.75], "texture": "#1"},
				"up": {"uv": [3.5, 14.75, 3, 13.5], "texture": "#1"},
				"down": {"uv": [14, 3, 13.5, 4.25], "texture": "#1"}
			}
		},
		{
			"from": [7.75, 0.55, 10],
			"to": [8.25, 1.55, 11],
			"rotation": {"angle": 0, "axis": "y", "origin": [0, -0.5, -0.5]},
			"faces": {
				"north": {"uv": [13.5, 8.5, 13.75, 9], "texture": "#1"},
				"east": {"uv": [13.5, 6, 14, 6.5], "texture": "#1"},
				"south": {"uv": [10.5, 13.5, 10.75, 14], "texture": "#1"},
				"west": {"uv": [13.5, 6.5, 14, 7], "texture": "#1"},
				"up": {"uv": [13.75, 12, 13.5, 11.5], "texture": "#1"},
				"down": {"uv": [13.75, 12, 13.5, 12.5], "texture": "#1"}
			}
		},
		{
			"from": [7.5, 0.05, 11],
			"to": [8.5, 1.55, 11.5],
			"rotation": {"angle": 0, "axis": "y", "origin": [0, -0.5, -0.5]},
			"faces": {
				"north": {"uv": [4.5, 13.5, 5, 14.25], "texture": "#1"},
				"east": {"uv": [13.5, 7.5, 13.75, 8.25], "texture": "#1"},
				"south": {"uv": [13.5, 4.5, 14, 5.25], "texture": "#1"},
				"west": {"uv": [8.5, 13.5, 8.75, 14.25], "texture": "#1"},
				"up": {"uv": [13, 13.75, 12.5, 13.5], "texture": "#1"},
				"down": {"uv": [14, 12.5, 13.5, 12.75], "texture": "#1"}
			}
		},
		{
			"from": [7.5, 0.05, 9.75],
			"to": [8.5, 1.55, 10.25],
			"rotation": {"angle": 0, "axis": "y", "origin": [0, -0.5, -0.5]},
			"faces": {
				"north": {"uv": [5, 13.5, 5.5, 14.25], "texture": "#1"},
				"east": {"uv": [9, 13.5, 9.25, 14.25], "texture": "#1"},
				"south": {"uv": [5.5, 13.5, 6, 14.25], "texture": "#1"},
				"west": {"uv": [13.5, 9.5, 13.75, 10.25], "texture": "#1"},
				"up": {"uv": [14, 13.75, 13.5, 13.5], "texture": "#1"},
				"down": {"uv": [14.5, 1.5, 14, 1.75], "texture": "#1"}
			}
		},
		{
			"from": [7.95, 4.8, -3],
			"to": [8.05, 5, -1.75],
			"rotation": {"angle": 0, "axis": "y", "origin": [0, -0.5, -0.5]},
			"faces": {
				"north": {"uv": [6, 13, 6.25, 13.25], "texture": "#1"},
				"east": {"uv": [12.5, 8.5, 13.25, 8.75], "texture": "#1"},
				"south": {"uv": [6.5, 13, 6.75, 13.25], "texture": "#1"},
				"west": {"uv": [12.5, 9.5, 13.25, 9.75], "texture": "#1"},
				"up": {"uv": [12.75, 12.25, 12.5, 11.5], "texture": "#1"},
				"down": {"uv": [12.75, 12.5, 12.5, 13.25], "texture": "#1"}
			}
		},
		{
			"from": [7.55, 4.725, 10.75],
			"to": [7.825, 4.975, 13.25],
			"rotation": {"angle": 0, "axis": "y", "origin": [0, -0.5, -0.5]},
			"faces": {
				"north": {"uv": [6, 13, 6.25, 13.25], "texture": "#1"},
				"east": {"uv": [12.5, 8.5, 13.25, 8.75], "texture": "#1"},
				"south": {"uv": [6.5, 13, 6.75, 13.25], "texture": "#1"},
				"west": {"uv": [12.5, 9.5, 13.25, 9.75], "texture": "#1"},
				"up": {"uv": [12.75, 12.25, 12.5, 11.5], "texture": "#1"},
				"down": {"uv": [12.75, 12.5, 12.5, 13.25], "texture": "#1"}
			}
		},
		{
			"from": [8.175, 4.725, 10.75],
			"to": [8.45, 4.975, 13.25],
			"rotation": {"angle": 0, "axis": "y", "origin": [0, -0.5, -0.5]},
			"faces": {
				"north": {"uv": [6, 13, 6.25, 13.25], "texture": "#1"},
				"east": {"uv": [12.5, 8.5, 13.25, 8.75], "texture": "#1"},
				"south": {"uv": [6.5, 13, 6.75, 13.25], "texture": "#1"},
				"west": {"uv": [12.5, 9.5, 13.25, 9.75], "texture": "#1"},
				"up": {"uv": [12.75, 12.25, 12.5, 11.5], "texture": "#1"},
				"down": {"uv": [12.75, 12.5, 12.5, 13.25], "texture": "#1"}
			}
		},
		{
			"from": [7.25, 1.8, 14.25],
			"to": [8.75, 3.8, 14.75],
			"rotation": {"angle": 0, "axis": "y", "origin": [0, -0.5, -0.5]},
			"faces": {
				"north": {"uv": [11, 10.5, 11.75, 11.5], "texture": "#1"},
				"east": {"uv": [7, 12.5, 7.25, 13.5], "texture": "#1"},
				"south": {"uv": [11.5, 9.5, 12.25, 10.5], "texture": "#1"},
				"west": {"uv": [8, 12.5, 8.25, 13.5], "texture": "#1"},
				"up": {"uv": [13.25, 10.25, 12.5, 10], "texture": "#1"},
				"down": {"uv": [13.75, 1.5, 13, 1.75], "texture": "#1"}
			}
		},
		{
			"from": [7.25, 2.8, -3.75],
			"to": [8.75, 4.3, 3.75],
			"rotation": {"angle": 0, "axis": "y", "origin": [0, -0.5, -0.5]},
			"faces": {
				"north": {"uv": [4, 0, 4.75, 0.75], "texture": "#1"},
				"east": {"uv": [0, 0, 3.75, 0.75], "texture": "#1"},
				"south": {"uv": [4, 1, 4.75, 1.75], "texture": "#1"},
				"west": {"uv": [0, 1, 3.75, 1.75], "texture": "#1"},
				"up": {"uv": [0.75, 5.75, 0, 2], "texture": "#1"},
				"down": {"uv": [1.75, 2, 1, 5.75], "texture": "#1"}
			}
		},
		{
			"from": [7, 2.3, 2.25],
			"to": [9, 3.55, 6.75],
			"rotation": {"angle": 0, "axis": "y", "origin": [0, -0.5, -0.5]},
			"faces": {
				"north": {"uv": [3, 10.5, 4, 11.25], "texture": "#1"},
				"east": {"uv": [6, 2, 8.25, 2.75], "texture": "#1"},
				"south": {"uv": [4, 10.5, 5, 11.25], "texture": "#1"},
				"west": {"uv": [6, 3, 8.25, 3.75], "texture": "#1"},
				"up": {"uv": [3, 4.25, 2, 2], "texture": "#1"},
				"down": {"uv": [3, 4.5, 2, 6.75], "texture": "#1"}
			}
		},
		{
			"from": [7, 3.55, 3.75],
			"to": [9, 4.3, 6.75],
			"rotation": {"angle": 0, "axis": "y", "origin": [0, -0.5, -0.5]},
			"faces": {
				"north": {"uv": [10.5, 6, 11.5, 6.75], "texture": "#1"},
				"east": {"uv": [8.5, 5, 10, 5.75], "texture": "#1"},
				"south": {"uv": [7, 10.5, 8, 11.25], "texture": "#1"},
				"west": {"uv": [3, 9.5, 4.5, 10.25], "texture": "#1"},
				"up": {"uv": [4, 8, 3, 6.5], "texture": "#1"},
				"down": {"uv": [3, 7, 2, 8.5], "texture": "#1"}
			}
		},
		{
			"from": [7.35, 2.05, -0.75],
			"to": [8.6, 3.05, 3.25],
			"rotation": {"angle": 0, "axis": "y", "origin": [0, -0.5, -0.5]},
			"faces": {
				"north": {"uv": [3, 12.5, 3.75, 13], "texture": "#1"},
				"east": {"uv": [10.5, 7, 12, 7.5], "texture": "#1"},
				"south": {"uv": [4, 12.5, 4.75, 13], "texture": "#1"},
				"west": {"uv": [8.5, 10.5, 10, 11], "texture": "#1"},
				"up": {"uv": [9.25, 3.5, 8.5, 2], "texture": "#1"},
				"down": {"uv": [9.75, 3.5, 9, 5], "texture": "#1"}
			}
		},
		{
			"from": [6.75, 1.55, 9.75],
			"to": [9.25, 4.3, 14.25],
			"rotation": {"angle": 0, "axis": "y", "origin": [0, -0.5, -2]},
			"faces": {
				"north": {"uv": [9, 6, 10.25, 7.5], "texture": "#1"},
				"east": {"uv": [5, 4, 7.25, 5.5], "texture": "#1"},
				"south": {"uv": [9, 7.5, 10.25, 9], "texture": "#1"},
				"west": {"uv": [5, 5.5, 7.25, 7], "texture": "#1"},
				"up": {"uv": [5.25, 9.25, 4, 7], "texture": "#1"},
				"down": {"uv": [6.75, 7, 5.5, 9.25], "texture": "#1"}
			}
		},
		{
			"from": [7.25, -1.45, 3.5],
			"to": [8.75, 1.55, 7.5],
			"rotation": {"angle": 0, "axis": "y", "origin": [0, -0.5, -5]},
			"faces": {
				"north": {"uv": [0, 12.75, 0.75, 14.25], "texture": "#1"},
				"east": {"uv": [8.5, 0, 6.5, 1.5], "texture": "#1"},
				"south": {"uv": [0.75, 12.75, 1.5, 14.25], "texture": "#1"},
				"west": {"uv": [6.5, 0, 8.5, 1.5], "texture": "#1"},
				"up": {"uv": [6.75, 11.5, 6, 9.5], "texture": "#1"},
				"down": {"uv": [11.25, 0, 10.5, 2], "texture": "#1"}
			}
		},
		{
			"from": [7, 1.05, 3.25],
			"to": [9, 1.3, 7.75],
			"rotation": {"angle": 0, "axis": "y", "origin": [0, -0.5, -5]},
			"faces": {
				"north": {"uv": [0, 12.75, 0.125, 13.75], "rotation": 90, "texture": "#1"},
				"east": {"uv": [0, 12.75, 0.125, 15], "rotation": 90, "texture": "#1"},
				"south": {"uv": [0, 12.75, 0.125, 13.75], "rotation": 90, "texture": "#1"},
				"west": {"uv": [0, 12.75, 0.125, 15], "rotation": 90, "texture": "#1"},
				"up": {"uv": [0, 12.75, 1, 15], "rotation": 180, "texture": "#1"},
				"down": {"uv": [0, 12.75, 1, 15], "rotation": 180, "texture": "#1"}
			}
		},
		{
			"from": [7.25, 1.55, 3.5],
			"to": [8.75, 2.55, 7.5],
			"rotation": {"angle": 0, "axis": "y", "origin": [0, -0.5, -5]},
			"faces": {
				"north": {"uv": [0.75, 10.5, 0, 11], "texture": "#1"},
				"east": {"uv": [0, 12.5, 0.5, 10.5], "rotation": 90, "texture": "#1"},
				"south": {"uv": [0.75, 10.5, 0, 11], "texture": "#1"},
				"west": {"uv": [0, 12.5, 0.5, 10.5], "rotation": 90, "texture": "#1"},
				"up": {"uv": [0.75, 10.5, 0, 12.5], "texture": "#1"},
				"down": {"uv": [0.75, 10.5, 0, 12.5], "texture": "#1"}
			}
		},
		{
			"from": [7, 1.8, 3.25],
			"to": [9, 2.3, 7.75],
			"rotation": {"angle": 0, "axis": "y", "origin": [0, -0.5, -5]},
			"faces": {
				"north": {"uv": [3, 12, 4, 12.25], "texture": "#1"},
				"east": {"uv": [11, 3, 13.25, 3.25], "texture": "#1"},
				"south": {"uv": [3, 12, 4, 12.25], "texture": "#1"},
				"west": {"uv": [11, 3, 13.25, 3.25], "texture": "#1"},
				"up": {"uv": [8, 9.25, 7, 7], "texture": "#1"},
				"down": {"uv": [4.75, 2, 3.75, 4.25], "texture": "#1"}
			}
		},
		{
			"from": [7.5, 0.75, 7.75],
			"to": [8.5, 4.75, 9.75],
			"rotation": {"angle": -22.5, "axis": "z", "origin": [8, 2.75, 8.75]},
			"faces": {
				"north": {"uv": [10.5, 7.5, 11, 9.5], "texture": "#1"},
				"east": {"uv": [8, 6.5, 9, 8.5], "texture": "#1"},
				"south": {"uv": [8, 10.5, 8.5, 12.5], "texture": "#1"},
				"west": {"uv": [0, 8.5, 1, 10.5], "texture": "#1"},
				"up": {"uv": [5.5, 12.5, 5, 11.5], "texture": "#1"},
				"down": {"uv": [6, 11.5, 5.5, 12.5], "texture": "#1"}
			}
		},
		{
			"from": [7.5, 0.75, 7.75],
			"to": [8.5, 4.75, 9.75],
			"rotation": {"angle": 22.5, "axis": "z", "origin": [8, 2.75, 8.75]},
			"faces": {
				"north": {"uv": [11, 7.5, 11.5, 9.5], "texture": "#1"},
				"east": {"uv": [1, 8.5, 2, 10.5], "texture": "#1"},
				"south": {"uv": [10.5, 11, 11, 13], "texture": "#1"},
				"west": {"uv": [8, 8.5, 9, 10.5], "texture": "#1"},
				"up": {"uv": [6.5, 12.5, 6, 11.5], "texture": "#1"},
				"down": {"uv": [12, 6, 11.5, 7], "texture": "#1"}
			}
		},
		{
			"from": [6, 2.25, 7.75],
			"to": [10, 3.25, 9.75],
			"rotation": {"angle": -22.5, "axis": "z", "origin": [8, 2.75, 8.75]},
			"faces": {
				"north": {"uv": [10.5, 7.5, 11, 9.5], "rotation": 90, "texture": "#1"},
				"east": {"uv": [6, 11.5, 5.5, 12.5], "rotation": 270, "texture": "#1"},
				"south": {"uv": [8, 10.5, 8.5, 12.5], "rotation": 270, "texture": "#1"},
				"west": {"uv": [5.5, 12.5, 5, 11.5], "rotation": 270, "texture": "#1"},
				"up": {"uv": [8, 6.5, 9, 8.5], "rotation": 270, "texture": "#1"},
				"down": {"uv": [0, 8.5, 1, 10.5], "rotation": 270, "texture": "#1"}
			}
		},
		{
			"from": [6, 2.25, 7.75],
			"to": [10, 3.25, 9.75],
			"rotation": {"angle": 22.5, "axis": "z", "origin": [8, 2.75, 8.75]},
			"faces": {
				"north": {"uv": [11, 7.5, 11.5, 9.5], "rotation": 90, "texture": "#1"},
				"east": {"uv": [12, 6, 11.5, 7], "rotation": 270, "texture": "#1"},
				"south": {"uv": [10.5, 11, 11, 13], "rotation": 270, "texture": "#1"},
				"west": {"uv": [6.5, 12.5, 6, 11.5], "rotation": 270, "texture": "#1"},
				"up": {"uv": [1, 8.5, 2, 10.5], "rotation": 270, "texture": "#1"},
				"down": {"uv": [8, 8.5, 9, 10.5], "rotation": 270, "texture": "#1"}
			}
		},
		{
			"from": [7.25, -1.7, 12.95],
			"to": [8.75, 2.3, 14.45],
			"rotation": {"angle": -22.5, "axis": "x", "origin": [8, 0.55, 13.7]},
			"faces": {
				"north": {"uv": [0, 10.5, 0.75, 12.5], "texture": "#1"},
				"east": {"uv": [10.5, 0, 11.25, 2], "texture": "#1"},
				"south": {"uv": [1, 10.5, 1.75, 12.5], "texture": "#1"},
				"west": {"uv": [2, 10.5, 2.75, 12.5], "texture": "#1"},
				"up": {"uv": [12.25, 1.25, 11.5, 0.5], "texture": "#1"},
				"down": {"uv": [4.75, 11.5, 4, 12.25], "texture": "#1"}
			}
		},
		{
			"from": [7.75, 0.8, 12.45],
			"to": [8.25, 1.3, 12.95],
			"rotation": {"angle": 0, "axis": "y", "origin": [0, -0.5, -2]},
			"faces": {
				"north": {"uv": [12, 6.5, 12.25, 6.75], "texture": "#1"},
				"east": {"uv": [7, 12, 7.25, 12.25], "texture": "#1"},
				"south": {"uv": [12, 8, 12.25, 8.25], "texture": "#1"},
				"west": {"uv": [8.5, 12, 8.75, 12.25], "texture": "#1"},
				"up": {"uv": [12.25, 8.75, 12, 8.5], "texture": "#1"},
				"down": {"uv": [9.25, 12, 9, 12.25], "texture": "#1"}
			}
		}
	],
	"groups": [
		0,
		1,
		2,
		3,
		4,
		5,
		6,
		7,
		8,
		9,
		10,
		11,
		12,
		13,
		14,
		15,
		16,
		17,
		18,
		{
			"name": "group",
			"origin": [0, -0.5, -2],
			"color": 0,
			"children": [19, 20, 21, 22, 23, 24, 25, 26, 27, 28]
		}
	]
}