{
	"credit": "Made with Blockbench",
	"texture_size": [32, 32],
	"textures": {
		"2": "cgm:item/shotgun",
		"particle": "cgm:item/shotgun"
	},
	"elements": [
		{
			"from": [7, 2.7, 1],
			"to": [9, 4.7, 1.75],
			"rotation": {"angle": 0, "axis": "y", "origin": [0, -0.05, -0.5]},
			"faces": {
				"north": {"uv": [8, 10.5, 9, 11.5], "texture": "#2"},
				"east": {"uv": [6.5, 1, 7, 2], "texture": "#2"},
				"south": {"uv": [11, 1.5, 12, 2.5], "texture": "#2"},
				"west": {"uv": [1.5, 10.5, 2, 11.5], "texture": "#2"},
				"up": {"uv": [11, 8.5, 10, 8], "texture": "#2"},
				"down": {"uv": [12.5, 3, 11.5, 3.5], "texture": "#2"}
			}
		},
		{
			"from": [7.001, 2.45, 8.75],
			"to": [9.001, 4.45, 11.25],
			"rotation": {"angle": 0, "axis": "y", "origin": [0, -0.05, -0.5]},
			"faces": {
				"east": {"uv": [0, 3, 1.25, 4], "texture": "#2"},
				"west": {"uv": [0, 4, 1.25, 5], "texture": "#2"},
				"up": {"uv": [3.5, 13.25, 2.5, 12], "texture": "#2"},
				"down": {"uv": [4.5, 12, 3.5, 13.25], "texture": "#2"}
			}
		},
		{
			"from": [6.75, 1.45, 5.25],
			"to": [9.25, 3.45, 8.75],
			"rotation": {"angle": 0, "axis": "y", "origin": [0, -0.05, 0.5]},
			"faces": {
				"north": {"uv": [8.5, 2.5, 9.75, 3.5], "texture": "#2"},
				"east": {"uv": [6.5, 4, 8.25, 5], "texture": "#2"},
				"south": {"uv": [8.5, 3.5, 9.75, 4.5], "texture": "#2"},
				"west": {"uv": [7, 0, 8.75, 1], "texture": "#2"},
				"up": {"uv": [3.25, 6.75, 2, 5], "texture": "#2"},
				"down": {"uv": [4.75, 5, 3.5, 6.75], "texture": "#2"}
			}
		},
		{
			"from": [7, 0.7, 10.75],
			"to": [9, 0.95, 13.5],
			"rotation": {"angle": 0, "axis": "y", "origin": [0, -0.05, 0.5]},
			"faces": {
				"north": {"uv": [10.5, 1, 11.5, 1.25], "texture": "#2"},
				"east": {"uv": [10, 5.5, 11.5, 5.75], "texture": "#2"},
				"south": {"uv": [10, 10.5, 11, 10.75], "texture": "#2"},
				"west": {"uv": [7, 11.5, 8.5, 11.75], "texture": "#2"},
				"up": {"uv": [8, 11.5, 7, 10], "texture": "#2"},
				"down": {"uv": [10, 10, 9, 11.5], "texture": "#2"}
			}
		},
		{
			"from": [7.5, 0.7, 13.75],
			"to": [8.5, 1.2, 15],
			"rotation": {"angle": 0, "axis": "y", "origin": [0, -0.05, 0.5]},
			"faces": {
				"north": {"uv": [10, 5, 10.5, 5.25], "texture": "#2"},
				"east": {"uv": [8.5, 11.5, 9.25, 11.75], "texture": "#2"},
				"south": {"uv": [9.5, 11.5, 10, 11.75], "texture": "#2"},
				"west": {"uv": [13, 11, 13.75, 11.25], "texture": "#2"},
				"up": {"uv": [5.5, 1.75, 5, 1], "texture": "#2"},
				"down": {"uv": [6, 1, 5.5, 1.75], "texture": "#2"}
			}
		},
		{
			"from": [7.5, 0.45, 13.5],
			"to": [8.5, 1.2, 13.75],
			"rotation": {"angle": 0, "axis": "y", "origin": [0, -0.05, 0.5]},
			"faces": {
				"north": {"uv": [6, 1, 6.5, 1.5], "texture": "#2"},
				"east": {"uv": [12, 8, 12.25, 8.5], "texture": "#2"},
				"south": {"uv": [6, 1.5, 6.5, 2], "texture": "#2"},
				"west": {"uv": [12, 8.5, 12.25, 9], "texture": "#2"},
				"up": {"uv": [12.5, 9.25, 12, 9], "texture": "#2"},
				"down": {"uv": [12.5, 9.5, 12, 9.75], "texture": "#2"}
			}
		},
		{
			"from": [7, -1.8, 10.75],
			"to": [9, -1.55, 13.5],
			"rotation": {"angle": 0, "axis": "y", "origin": [0, -0.05, 0.5]},
			"faces": {
				"north": {"uv": [10, 10, 11, 10.25], "texture": "#2"},
				"east": {"uv": [10, 2.5, 11.5, 2.75], "texture": "#2"},
				"south": {"uv": [10.5, 0.5, 11.5, 0.75], "texture": "#2"},
				"west": {"uv": [10, 3, 11.5, 3.25], "texture": "#2"},
				"up": {"uv": [4.5, 11.5, 3.5, 10], "texture": "#2"},
				"down": {"uv": [5.5, 10, 4.5, 11.5], "texture": "#2"}
			}
		},
		{
			"from": [7.25, -1.55, 10.75],
			"to": [8.75, 0.7, 13.5],
			"rotation": {"angle": 0, "axis": "y", "origin": [0, -0.05, 0.5]},
			"faces": {
				"north": {"uv": [11, 9.5, 11.75, 10.75], "texture": "#2"},
				"east": {"uv": [6, 7, 7.5, 8.25], "texture": "#2"},
				"south": {"uv": [13, 9.5, 13.75, 10.75], "texture": "#2"},
				"west": {"uv": [9.5, 8.5, 11, 9.75], "texture": "#2"},
				"up": {"uv": [11.25, 5.5, 10.5, 4], "texture": "#2"},
				"down": {"uv": [11.75, 8, 11, 9.5], "texture": "#2"}
			}
		},
		{
			"from": [6.75, 0.95, 10.75],
			"to": [9.25, 1.45, 13.5],
			"rotation": {"angle": 0, "axis": "y", "origin": [0, -0.05, 0.5]},
			"faces": {
				"north": {"uv": [11.5, 1, 12.75, 1.5], "texture": "#2"},
				"east": {"uv": [4, 4.5, 5.5, 5], "texture": "#2"},
				"south": {"uv": [1.5, 11.5, 2.75, 12], "texture": "#2"},
				"west": {"uv": [11.5, 0.5, 13, 1], "texture": "#2"},
				"up": {"uv": [1.25, 11.5, 0, 10], "texture": "#2"},
				"down": {"uv": [3.25, 10, 2, 11.5], "texture": "#2"}
			}
		},
		{
			"from": [6.75, 3.45, 6.5],
			"to": [9.25, 4.7, 7.5],
			"rotation": {"angle": 0, "axis": "y", "origin": [0, -0.05, 0.5]},
			"faces": {
				"north": {"uv": [10, 11, 11.25, 11.75], "texture": "#2"},
				"east": {"uv": [11.5, 5, 12, 5.75], "texture": "#2"},
				"south": {"uv": [0, 11.5, 1.25, 12.25], "texture": "#2"},
				"west": {"uv": [11.5, 6, 12, 6.75], "texture": "#2"},
				"up": {"uv": [12.75, 3, 11.5, 2.5], "texture": "#2"},
				"down": {"uv": [4.25, 11.5, 3, 12], "texture": "#2"}
			}
		},
		{
			"from": [7, 3.45, 8.5],
			"to": [9, 4.45, 8.75],
			"rotation": {"angle": 0, "axis": "y", "origin": [0, -0.05, 0.5]},
			"faces": {
				"north": {"uv": [11.5, 11, 12.5, 11.5], "texture": "#2"},
				"east": {"uv": [10.5, 1.5, 10.75, 2], "texture": "#2"},
				"south": {"uv": [11.5, 11.5, 12.5, 12], "texture": "#2"},
				"west": {"uv": [12, 2, 12.25, 2.5], "texture": "#2"},
				"up": {"uv": [2.5, 12.25, 1.5, 12], "texture": "#2"},
				"down": {"uv": [13, 1.5, 12, 1.75], "texture": "#2"}
			}
		},
		{
			"from": [7.25, 2.95, 1.75],
			"to": [8.75, 4.45, 8.5],
			"rotation": {"angle": 0, "axis": "y", "origin": [0, -0.05, 0.5]},
			"faces": {
				"north": {"uv": [11.5, 4, 12.25, 4.75], "texture": "#2"},
				"east": {"uv": [8, 6, 11.25, 6.75], "texture": "#2"},
				"south": {"uv": [4.5, 11.5, 5.25, 12.25], "texture": "#2"},
				"west": {"uv": [9, 7, 12.25, 7.75], "texture": "#2"},
				"up": {"uv": [4.75, 4.25, 4, 1], "texture": "#2"},
				"down": {"uv": [6.75, 9, 6, 12.25], "texture": "#2"}
			}
		},
		{
			"from": [7.5, 2.2, 3.25],
			"to": [8.5, 2.95, 8.25],
			"rotation": {"angle": 0, "axis": "y", "origin": [0, -0.05, 0.5]},
			"faces": {
				"north": {"uv": [9, 9.5, 9.5, 10], "texture": "#2"},
				"east": {"uv": [10, 0, 12.5, 0.5], "texture": "#2"},
				"south": {"uv": [10, 4, 10.5, 4.5], "texture": "#2"},
				"west": {"uv": [10, 3.5, 12.5, 4], "texture": "#2"},
				"up": {"uv": [5.5, 4.5, 5, 2], "texture": "#2"},
				"down": {"uv": [6, 10, 5.5, 12.5], "texture": "#2"}
			}
		},
		{
			"from": [7, 1.45, 9.75],
			"to": [9, 2.95, 13.5],
			"rotation": {"angle": 0, "axis": "y", "origin": [0, -0.3, 4.5]},
			"faces": {
				"north": {"uv": [4, 9, 5, 9.75], "texture": "#2"},
				"east": {"uv": [7, 5, 8.75, 5.75], "texture": "#2"},
				"south": {"uv": [9, 5, 10, 5.75], "texture": "#2"},
				"west": {"uv": [8.75, 5, 7, 5.75], "texture": "#2"},
				"up": {"uv": [3, 8.75, 2, 7], "texture": "#2"},
				"down": {"uv": [4, 7, 3, 8.75], "texture": "#2"}
			}
		},
		{
			"from": [6.75, 2.2, 11.25],
			"to": [9.25, 4.45, 16],
			"rotation": {"angle": 0, "axis": "y", "origin": [0, -0.05, -0.5]},
			"faces": {
				"north": {"uv": [7.5, 1, 8.75, 2.25], "texture": "#2"},
				"east": {"uv": [0, 0, 2.5, 1.25], "texture": "#2"},
				"south": {"uv": [7.5, 7, 8.75, 8.25], "texture": "#2", "cullface": "south"},
				"west": {"uv": [0, 1.5, 2.5, 2.75], "texture": "#2"},
				"up": {"uv": [3.75, 2.5, 2.5, 0], "texture": "#2"},
				"down": {"uv": [3.75, 2.5, 2.5, 5], "texture": "#2"}
			}
		},
		{
			"from": [7, 2.45, 16],
			"to": [9, 4.2, 16.5],
			"rotation": {"angle": 0, "axis": "y", "origin": [0, -0.05, -0.5]},
			"faces": {
				"north": {"uv": [4, 0, 5, 1], "texture": "#2"},
				"east": {"uv": [6, 12.5, 6.25, 13.5], "texture": "#2"},
				"south": {"uv": [0, 5, 1, 6], "texture": "#2", "cullface": "south"},
				"west": {"uv": [6.5, 12.5, 6.75, 13.5], "texture": "#2"},
				"up": {"uv": [13.5, 4.75, 12.5, 4.5], "texture": "#2"},
				"down": {"uv": [13.5, 7, 12.5, 7.25], "texture": "#2"}
			}
		},
		{
			"from": [7.5, 4.45, 13.25],
			"to": [8.5, 4.7, 15.25],
			"rotation": {"angle": 0, "axis": "y", "origin": [0, -0.05, -0.5]},
			"faces": {
				"north": {"uv": [12.5, 12.5, 13, 12.75], "texture": "#2"},
				"east": {"uv": [12.5, 0, 13.5, 0.25], "texture": "#2"},
				"south": {"uv": [0, 13, 0.5, 13.25], "texture": "#2", "cullface": "south"},
				"west": {"uv": [12.5, 2, 13.5, 2.25], "texture": "#2"},
				"up": {"uv": [1.5, 6, 1, 5], "texture": "#2"},
				"down": {"uv": [7, 0, 6.5, 1], "texture": "#2"}
			}
		},
		{
			"from": [8.25, 4.45, 10.75],
			"to": [8.75, 4.7, 13.25],
			"rotation": {"angle": 0, "axis": "y", "origin": [0, -0.05, -0.5]},
			"faces": {
				"north": {"uv": [13, 1.5, 13.25, 1.75], "texture": "#2"},
				"east": {"uv": [11.5, 12, 12.75, 12.25], "texture": "#2"},
				"south": {"uv": [13, 2.5, 13.25, 2.75], "texture": "#2", "cullface": "south"},
				"west": {"uv": [0, 12.5, 1.25, 12.75], "texture": "#2"},
				"up": {"uv": [1.75, 13.75, 1.5, 12.5], "texture": "#2"},
				"down": {"uv": [2.25, 12.5, 2, 13.75], "texture": "#2"}
			}
		},
		{
			"from": [7.25, 4.45, 10.75],
			"to": [7.75, 4.7, 13.25],
			"rotation": {"angle": 0, "axis": "y", "origin": [0, -0.05, -0.5]},
			"faces": {
				"north": {"uv": [1, 13, 1.25, 13.25], "texture": "#2"},
				"east": {"uv": [7.5, 12, 8.75, 12.25], "texture": "#2"},
				"south": {"uv": [13, 1, 13.25, 1.25], "texture": "#2", "cullface": "south"},
				"west": {"uv": [9, 12, 10.25, 12.25], "texture": "#2"},
				"up": {"uv": [10.75, 13.25, 10.5, 12], "texture": "#2"},
				"down": {"uv": [11.25, 12, 11, 13.25], "texture": "#2"}
			}
		},
		{
			"from": [7.75, 4.45, 1.75],
			"to": [8.25, 4.7, 6.5],
			"rotation": {"angle": 0, "axis": "y", "origin": [0, -0.05, -0.5]},
			"faces": {
				"north": {"uv": [13, 4, 13.25, 4.25], "texture": "#2"},
				"east": {"uv": [12, 5, 14.5, 5.25], "texture": "#2"},
				"south": {"uv": [7.5, 13, 7.75, 13.25], "texture": "#2", "cullface": "south"},
				"west": {"uv": [12, 5.5, 14.5, 5.75], "texture": "#2"},
				"up": {"uv": [1.75, 5.5, 1.5, 3], "texture": "#2"},
				"down": {"uv": [7.25, 12, 7, 14.5], "texture": "#2"}
			}
		},
		{
			"from": [7.75, 4.7, 1],
			"to": [8.25, 4.95, 2.25],
			"rotation": {"angle": 0, "axis": "y", "origin": [0, -0.05, -0.5]},
			"faces": {
				"north": {"uv": [13, 8.5, 13.25, 8.75], "texture": "#2"},
				"east": {"uv": [9, 12.5, 9.75, 12.75], "texture": "#2"},
				"south": {"uv": [9, 13, 9.25, 13.25], "texture": "#2", "cullface": "south"},
				"west": {"uv": [12.5, 9, 13.25, 9.25], "texture": "#2"},
				"up": {"uv": [12.75, 10.25, 12.5, 9.5], "texture": "#2"},
				"down": {"uv": [10.25, 12.5, 10, 13.25], "texture": "#2"}
			}
		},
		{
			"from": [7.87, 4.95, 1.25],
			"to": [8.12, 5.2, 2],
			"rotation": {"angle": 0, "axis": "y", "origin": [0, -0.05, -0.5]},
			"faces": {
				"north": {"uv": [8, 13, 8.25, 13.25], "texture": "#2"},
				"east": {"uv": [1.5, 5.5, 2, 5.75], "texture": "#2"},
				"south": {"uv": [13, 8, 13.25, 8.25], "texture": "#2", "cullface": "south"},
				"west": {"uv": [12.5, 10.5, 13, 10.75], "texture": "#2"},
				"up": {"uv": [12.75, 11.5, 12.5, 11], "texture": "#2"},
				"down": {"uv": [11.75, 12.5, 11.5, 13], "texture": "#2"}
			}
		},
		{
			"from": [7.75, 4.45, 7.5],
			"to": [8.25, 4.7, 8.75],
			"rotation": {"angle": 0, "axis": "y", "origin": [0, -0.05, -0.5]},
			"faces": {
				"north": {"uv": [13, 3, 13.25, 3.25], "texture": "#2"},
				"east": {"uv": [7.5, 12.5, 8.25, 12.75], "texture": "#2"},
				"south": {"uv": [13, 3.5, 13.25, 3.75], "texture": "#2", "cullface": "south"},
				"west": {"uv": [12.5, 7.5, 13.25, 7.75], "texture": "#2"},
				"up": {"uv": [12.75, 8.75, 12.5, 8], "texture": "#2"},
				"down": {"uv": [8.75, 12.5, 8.5, 13.25], "texture": "#2"}
			}
		},
		{
			"from": [8.5, 4.45, 13.25],
			"to": [9, 5.2, 15.5],
			"rotation": {"angle": 0, "axis": "y", "origin": [0, -0.05, -0.5]},
			"faces": {
				"north": {"uv": [0.5, 13, 0.75, 13.5], "texture": "#2"},
				"east": {"uv": [12, 6, 13.25, 6.5], "texture": "#2"},
				"south": {"uv": [13, 0.5, 13.25, 1], "texture": "#2", "cullface": "south"},
				"west": {"uv": [12, 6.5, 13.25, 7], "texture": "#2"},
				"up": {"uv": [5.25, 13.75, 5, 12.5], "texture": "#2"},
				"down": {"uv": [5.75, 12.5, 5.5, 13.75], "texture": "#2"}
			}
		},
		{
			"from": [7, 4.45, 13.25],
			"to": [7.5, 5.2, 15.5],
			"rotation": {"angle": 0, "axis": "y", "origin": [0, -0.05, -0.5]},
			"faces": {
				"north": {"uv": [12.5, 11.5, 12.75, 12], "texture": "#2"},
				"east": {"uv": [5, 0, 6.25, 0.5], "texture": "#2"},
				"south": {"uv": [12, 12.5, 12.25, 13], "texture": "#2", "cullface": "south"},
				"west": {"uv": [5, 0.5, 6.25, 1], "texture": "#2"},
				"up": {"uv": [12.75, 4.25, 12.5, 3], "texture": "#2"},
				"down": {"uv": [4.75, 12.5, 4.5, 13.75], "texture": "#2"}
			}
		},
		{
			"from": [6, 2.45, 8.75],
			"to": [10, 3.45, 10.75],
			"rotation": {"angle": 22.5, "axis": "z", "origin": [8, 2.95, 9.75]},
			"faces": {
				"north": {"uv": [8.5, 4.5, 10.5, 5], "texture": "#2"},
				"east": {"uv": [7.5, 2.5, 8.5, 3], "texture": "#2"},
				"south": {"uv": [6, 8.5, 8, 9], "texture": "#2"},
				"west": {"uv": [9, 8, 10, 8.5], "texture": "#2"},
				"up": {"uv": [7, 6, 5, 5], "texture": "#2"},
				"down": {"uv": [7.5, 2, 5.5, 3], "texture": "#2"}
			}
		},
		{
			"from": [7.5, 0.95, 8.75],
			"to": [8.5, 4.95, 10.75],
			"rotation": {"angle": -22.5, "axis": "z", "origin": [8, 2.95, 9.75]},
			"faces": {
				"north": {"uv": [2, 3, 2.5, 5], "texture": "#2"},
				"east": {"uv": [5.5, 3, 6.5, 5], "texture": "#2"},
				"south": {"uv": [8, 8.5, 8.5, 10.5], "texture": "#2"},
				"west": {"uv": [0, 6, 1, 8], "texture": "#2"},
				"up": {"uv": [7.5, 2, 7, 1], "texture": "#2"},
				"down": {"uv": [9.5, 8.5, 9, 9.5], "texture": "#2"}
			}
		},
		{
			"from": [7.5, 0.95, 8.75],
			"to": [8.5, 4.95, 10.75],
			"rotation": {"angle": 22.5, "axis": "z", "origin": [8, 2.95, 9.75]},
			"faces": {
				"north": {"uv": [8.5, 8.5, 9, 10.5], "texture": "#2"},
				"east": {"uv": [1, 6, 2, 8], "texture": "#2"},
				"south": {"uv": [9, 0, 9.5, 2], "texture": "#2"},
				"west": {"uv": [5, 6, 6, 8], "texture": "#2"},
				"up": {"uv": [10, 1, 9.5, 0], "texture": "#2"},
				"down": {"uv": [10, 1, 9.5, 2], "texture": "#2"}
			}
		},
		{
			"from": [6, 2.45, 8.75],
			"to": [10, 3.45, 10.75],
			"rotation": {"angle": -22.5, "axis": "z", "origin": [8, 2.95, 9.75]},
			"faces": {
				"north": {"uv": [2, 9, 4, 9.5], "texture": "#2"},
				"east": {"uv": [2, 9.5, 3, 10], "texture": "#2"},
				"south": {"uv": [9, 2, 11, 2.5], "texture": "#2"},
				"west": {"uv": [3, 9.5, 4, 10], "texture": "#2"},
				"up": {"uv": [8, 7, 6, 6], "texture": "#2"},
				"down": {"uv": [8.5, 3, 6.5, 4], "texture": "#2"}
			}
		},
		{
			"from": [7.25, -0.675, 14.625],
			"to": [8.75, 3.575, 15.875],
			"rotation": {"angle": -22.5, "axis": "x", "origin": [8, 1.2, 15.125]},
			"faces": {
				"north": {"uv": [4, 7, 4.75, 9], "texture": "#2"},
				"east": {"uv": [0, 8, 0.75, 10], "texture": "#2"},
				"south": {"uv": [1, 8, 1.75, 10], "texture": "#2", "cullface": "south"},
				"west": {"uv": [5, 8, 5.75, 10], "texture": "#2"},
				"down": {"uv": [7.75, 9, 7, 9.75], "texture": "#2", "cullface": "down"}
			}
		},
		{
			"from": [7.75, 1.7, 13.75],
			"to": [8.25, 2.2, 14.25],
			"rotation": {"angle": 0, "axis": "y", "origin": [0, -2.8, 8.5]},
			"faces": {
				"north": {"uv": [10, 0.5, 10.25, 0.75], "texture": "#2"},
				"east": {"uv": [10, 1, 10.25, 1.25], "texture": "#2"},
				"west": {"uv": [1.5, 10, 1.75, 10.25], "texture": "#2"},
				"down": {"uv": [10.25, 1.5, 10, 1.75], "texture": "#2"}
			}
		}
	],
	"groups": [
		0,
		1,
		2,
		3,
		4,
		5,
		6,
		7,
		8,
		9,
		10,
		11,
		12,
		13,
		14,
		15,
		16,
		17,
		18,
		19,
		20,
		21,
		22,
		23,
		24,
		{
			"name": "group",
			"origin": [0, -2.8, 8.5],
			"color": 0,
			"children": [25, 26, 27, 28, 29, 30]
		}
	]
}