{
    "type": "create:mechanical_crafting",
    "pattern": [
        "PIP",
        "ATA",
        "BBB"
    ],
    "key": {
        "A": {
            "item": "apotheosis:epic_material"
        },
        "T": {
            "item": "apotheosis:simple_reforging_table"
        },
        "I": {
            "item": "minecraft:netherite_ingot"
        },
        "B": {
            "item": "minecraft:nether_bricks"
        },
        "P": {
            "item": "pneumaticcraft:plastic"
        }
    },
    "result": {
        "item": "apotheosis:reforging_table",
        "count": 1
    }
}