{
  "type": "botania:terra_plate",
  "ingredients": [
    {
      "item": "minecraft:dragon_breath"
    },
    {
      "item": "minecraft:netherite_ingot"
    },
    {
      "item": "minecraft:amethyst_shard"
    },
    {
        "item":"apotheosis:gem_dust"
    },
    {
        "item":"apotheosis:gem_dust"
    },
    {
        "item":"apotheosis:gem_dust"
    },
    {
        "item":"apotheosis:gem_dust"
    },
    {
        "item":"apotheosis:gem_dust"
    },
    {
        "item":"apotheosis:gem_dust"
    }
  ],
  "mana": 500000,
  "result": {
    "item": "apotheosis:sigil_of_socketing"
  }
}