{
    "type": "minecraft:crafting_shaped",
    "pattern": [
        "QCP",
        "  C",
        "IBI"
    ],
    "key": {
        "Q": {
            "item": "create:polished_rose_quartz"
        },
        "C": {
            "item": "pneumaticcraft:pneumatic_cylinder"
        },
        "I": {
            "item": "pneumaticcraft:ingot_iron_compressed"
        },
        "B": {
            "item": "pneumaticcraft:printed_circuit_board"
        },
        "P": {
            "item": "create:precision_mechanism"
        }
    },
    "result": {
        "item": "pneumaticcraft:assembly_laser",
        "count": 1
    }
}