{
    "type": "minecraft:crafting_shaped",
    "pattern": [
        " # ",
        "PGP",
        "PDP"
    ],
    "key": {
        "#": {
            "item": "minecraft:redstone_torch"
        },
        "P": {
            "item": "minecraft:iron_ingot"
        },
        "G": {
            "tag": "forge:glass_panes"
        },
        "D": {
            "item": "minecraft:diamond"
        }
    },
    "result": {
        "item": "pneumaticcraft:gps_tool",
        "count": 1
    }
}